id,first_name,last_name,email,gender,title,make,model,color,year
1,Elihu,Albrighton,ealbrighton0@ameblo.jp,Male,VP Accounting,Volkswagen,Eos,Khaki,2007
2,Edan,Kynvin,ekynvin1@epa.gov,Male,Dental Hygienist,Chrysler,Town & Country,Blue,2003
3,Sheppard,Fine,sfine2@google.nl,Male,Tax Accountant,GMC,Sierra 3500,Yellow,2003
4,Ashlan,Raycroft,araycroft3@macromedia.com,Female,Media Manager IV,Volvo,XC90,Maroon,2004
5,Ivan,Grant,igrant4@cloudflare.com,Male,Junior Executive,Porsche,911,Yellow,1994
6,Augustina,Postans,apostans5@nydailynews.com,Female,Chemical Engineer,Mazda,MPV,Pink,1994
7,Koo,Bockmaster,kbockmaster6@earthlink.net,Female,Food Chemist,Buick,Regal,Pink,2012
8,Roman,Pridham,rpridham7@tripod.com,Male,Social Worker,Plymouth,Voyager,Green,1999
9,Darrelle,Mularkey,dmularkey8@salon.com,Female,VP Marketing,Ford,Mustang,Turquoise,1973
10,Morie,Chopy,mchopy9@aboutads.info,Male,Registered Nurse,Chrysler,Crossfire Roadster,Puce,2006
11,Rosaleen,McSkeagan,rmcskeagana@ycombinator.com,Female,Media Manager III,Chevrolet,Silverado 2500,Green,2004
12,Penn,Brouwer,pbrouwerb@oracle.com,Male,Actuary,Honda,Fit,Puce,2010
13,Helge,Lorne,hlornec@army.mil,Female,Assistant Media Planner,BMW,M Roadster,Goldenrod,2008
14,Farly,Ebunoluwa,febunoluwad@accuweather.com,Male,Geological Engineer,Porsche,911,Indigo,2010
15,Hercule,Orr,horre@noaa.gov,Male,Chief Design Engineer,Chevrolet,Suburban,Turquoise,2011
16,Ogden,Dowrey,odowreyf@elegantthemes.com,Male,Dental Hygienist,Smart,Fortwo,Teal,2012
17,Chrissie,Phebee,cphebeeg@bizjournals.com,Male,Staff Accountant IV,Bentley,Continental Super,Orange,2011
18,Velvet,Louedey,vlouedeyh@xing.com,Female,Research Nurse,Chevrolet,Camaro,Khaki,1992
19,Rodolfo,McLelland,rmclellandi@dion.ne.jp,Male,Senior Cost Accountant,Chevrolet,Cavalier,Maroon,1996
20,Hanny,Angove,hangovej@cnet.com,Female,Senior Editor,Saab,9000,Mauv,1992
21,Marlowe,Benyan,mbenyank@e-recht24.de,Male,Accounting Assistant III,Infiniti,QX,Crimson,2005
22,Guenevere,Harman,gharmanl@stanford.edu,Female,Internal Auditor,Lamborghini,Diablo,Crimson,1998
23,Michaella,Heggie,mheggiem@pen.io,Female,Staff Scientist,Toyota,Land Cruiser,Teal,1998
24,Port,Speachley,pspeachleyn@bloglovin.com,Male,Programmer IV,Pontiac,Grand Prix,Purple,1972
25,Chris,Mawdsley,cmawdsleyo@smugmug.com,Male,Analog Circuit Design manager,Lincoln,Continental Mark VII,Fuscia,1985
26,Pearline,Thorby,pthorbyp@wordpress.com,Female,Account Executive,Pontiac,6000,Red,1986
27,Pepillo,Cornewall,pcornewallq@1und1.de,Male,Nurse,Porsche,Boxster,Green,2004
28,Jena,Vampouille,jvampouiller@sciencedaily.com,Female,Web Designer II,Chevrolet,Venture,Aquamarine,2004
29,Adela,Humphery,ahumpherys@npr.org,Female,Compensation Analyst,Spyker,C8 Double 12 S,Purple,2006
30,Denise,Shemilt,dshemiltt@examiner.com,Female,Software Consultant,Cadillac,Eldorado,Pink,1996
31,Lee,Hardan,lhardanu@live.com,Male,Director of Sales,Chevrolet,Venture,Red,2005
32,Wilek,Cirlos,wcirlosv@behance.net,Male,Nurse Practicioner,Ford,Aerostar,Violet,1993
33,Marcos,Shoulder,mshoulderw@cbslocal.com,Male,VP Accounting,Mazda,MX-5,Orange,2003
34,Trula,Kaubisch,tkaubischx@ifeng.com,Female,Senior Financial Analyst,Volkswagen,Passat,Indigo,1991
35,Omar,MacCurlye,omaccurlyey@skyrock.com,Male,Financial Advisor,Mercedes-Benz,500SEL,Indigo,1992
36,Burke,Hatherley,bhatherleyz@baidu.com,Male,Staff Accountant II,Chevrolet,Monte Carlo,Fuscia,1999
37,Morton,Ulyat,mulyat10@google.de,Male,GIS Technical Architect,Ford,E150,Purple,2003
38,Collete,Mudge,cmudge11@bbc.co.uk,Female,Systems Administrator IV,Mercedes-Benz,W201,Crimson,1984
39,Murry,Clymer,mclymer12@hatena.ne.jp,Male,Automation Specialist II,Toyota,Tacoma,Green,1999
40,Ab,Rauprich,arauprich13@mozilla.org,Male,Actuary,Dodge,Caravan,Teal,2005
41,Ivan,Mould,imould14@alibaba.com,Male,Librarian,GMC,Canyon,Purple,2011
42,Lizbeth,Fillingham,lfillingham15@home.pl,Female,Business Systems Development Analyst,Hyundai,Accent,Purple,1995
43,Maurizio,Wickins,mwickins16@scribd.com,Male,Financial Advisor,Dodge,Challenger,Crimson,2011
44,Kelly,Burt,kburt17@addthis.com,Female,Account Coordinator,BMW,5 Series,Turquoise,1995
45,Kissee,Blankenship,kblankenship18@pbs.org,Female,Environmental Tech,BMW,X6 M,Mauv,2010
46,Francis,Casper,fcasper19@cmu.edu,Male,Software Engineer IV,Chrysler,300M,Maroon,2000
47,Elbert,Smaleman,esmaleman1a@spotify.com,Male,Desktop Support Technician,Ford,Probe,Khaki,1992
48,Odelle,Cypler,ocypler1b@list-manage.com,Female,Financial Analyst,GMC,Vandura 1500,Blue,1994
49,Lincoln,Heistermann,lheistermann1c@diigo.com,Male,Chemical Engineer,Mazda,Millenia,Maroon,1998
50,Tracie,MacBean,tmacbean1d@arizona.edu,Male,Geologist I,Dodge,Dakota,Mauv,2000
51,Todd,Crier,tcrier1e@printfriendly.com,Male,Executive Secretary,Subaru,Legacy,Teal,2008
52,Dedra,Mueller,dmueller1f@yahoo.com,Female,Geologist III,Audi,A6,Puce,2002
53,Anselma,Fairfoot,afairfoot1g@gnu.org,Female,Senior Sales Associate,Toyota,Corolla,Crimson,2006
54,Nelly,Footitt,nfootitt1h@cdc.gov,Female,Office Assistant II,Mitsubishi,Outlander,Indigo,2009
55,Diandra,Vedeniktov,dvedeniktov1i@google.cn,Female,Quality Control Specialist,Ford,Laser,Aquamarine,1988
56,Alverta,Darey,adarey1j@networksolutions.com,Female,Occupational Therapist,Chevrolet,Lumina APV,Yellow,1992
57,Nadeen,Mehaffey,nmehaffey1k@deviantart.com,Female,General Manager,Suzuki,Grand Vitara,Orange,2007
58,Davida,Loveland,dloveland1l@shop-pro.jp,Female,Executive Secretary,Hyundai,Elantra,Blue,2001
59,Matty,Backs,mbacks1m@slate.com,Female,Structural Analysis Engineer,Subaru,Forester,Teal,1999
60,Cathleen,Rollin,crollin1n@last.fm,Female,Sales Associate,Suzuki,Vitara,Indigo,2004
61,Kylie,Coweuppe,kcoweuppe1o@soundcloud.com,Female,Geological Engineer,GMC,Acadia,Aquamarine,2011
62,Reginald,Flattman,rflattman1p@cbslocal.com,Male,Marketing Manager,Kia,Spectra,Crimson,2000
63,Sterne,Choupin,schoupin1q@elpais.com,Male,Staff Scientist,Lincoln,Town Car,Red,1999
64,Rita,Bilbey,rbilbey1r@dell.com,Female,Senior Cost Accountant,Mercury,Montego,Red,2007
65,Ezri,Elcocks,eelcocks1s@berkeley.edu,Male,Internal Auditor,Mitsubishi,Pajero,Khaki,2000
66,Hillie,Cathie,hcathie1t@telegraph.co.uk,Male,Analog Circuit Design manager,Volvo,XC90,Khaki,2009
67,Luther,Crombie,lcrombie1u@discuz.net,Male,Engineer I,Pontiac,GTO,Orange,1965
68,Garland,Stoad,gstoad1v@squidoo.com,Female,Programmer Analyst II,Buick,Park Avenue,Purple,1999
69,Flin,Counihan,fcounihan1w@goodreads.com,Male,Speech Pathologist,Ford,Crown Victoria,Pink,1997
70,Kari,Mariet,kmariet1x@cbsnews.com,Female,Physical Therapy Assistant,Aston Martin,V8 Vantage S,Aquamarine,2011
71,Harald,Fleischer,hfleischer1y@go.com,Male,Tax Accountant,Kia,Sportage,Mauv,2011
72,Issie,Butt Gow,ibuttgow1z@over-blog.com,Female,Accountant III,Mitsubishi,Montero,Yellow,2000
73,Tomi,Cheeney,tcheeney20@arizona.edu,Female,Occupational Therapist,Mazda,MPV,Indigo,2000
74,Guinna,Frewer,gfrewer21@bandcamp.com,Female,Senior Sales Associate,Suzuki,Esteem,Aquamarine,2001
75,Josepha,Colter,jcolter22@opensource.org,Female,Statistician III,Lamborghini,Reventón,Fuscia,2008
76,Amby,Shakelade,ashakelade23@fc2.com,Male,Information Systems Manager,Mercedes-Benz,S-Class,Yellow,2007
77,Stephanie,Misk,smisk24@senate.gov,Female,Senior Sales Associate,Lincoln,Town Car,Khaki,1999
78,Roanna,Alliott,ralliott25@bloomberg.com,Female,Mechanical Systems Engineer,Honda,Odyssey,Teal,2007
79,Katerine,Burnet,kburnet26@live.com,Female,Design Engineer,Jaguar,X-Type,Green,2008
80,Emmy,Badini,ebadini27@bizjournals.com,Male,Research Assistant I,GMC,Sierra,Fuscia,2008
81,Hamlin,Giacobazzi,hgiacobazzi28@va.gov,Male,Actuary,Infiniti,FX,Goldenrod,2005
82,Duffie,Gallgher,dgallgher29@usatoday.com,Male,Marketing Manager,Dodge,Ram 2500,Maroon,2006
83,Garner,Olivi,golivi2a@networkadvertising.org,Male,Software Engineer IV,Lincoln,Mark LT,Khaki,2006
84,Say,Piell,spiell2b@sciencedaily.com,Male,Help Desk Operator,Chrysler,300M,Goldenrod,2004
85,Addy,Wolstenholme,awolstenholme2c@arizona.edu,Female,Structural Engineer,Ram,Dakota,Green,2011
86,Meggi,Dombrell,mdombrell2d@zdnet.com,Female,Social Worker,Ford,E-350 Super Duty Van,Teal,2006
87,Rollins,Cliss,rcliss2e@prweb.com,Male,Desktop Support Technician,Dodge,Intrepid,Red,2000
88,Jo,Finnan,jfinnan2f@netvibes.com,Male,Quality Control Specialist,Suzuki,Daewoo Magnus,Turquoise,2004
89,Marni,Leither,mleither2g@aboutads.info,Female,Senior Quality Engineer,Subaru,Impreza WRX,Crimson,2011
90,Merissa,Grimsdale,mgrimsdale2h@netlog.com,Female,Senior Developer,Ford,Mustang,Yellow,2010
91,Garold,Stalf,gstalf2i@biblegateway.com,Male,Operator,Pontiac,Firefly,Crimson,1990
92,Gipsy,Chandler,gchandler2j@japanpost.jp,Female,Research Associate,Chevrolet,Silverado 2500,Orange,2011
93,Nealson,Lepper,nlepper2k@pbs.org,Male,Biostatistician I,GMC,1500 Club Coupe,Puce,1995
94,Cordell,Ricciardello,cricciardello2l@desdev.cn,Male,Social Worker,Audi,Q5,Aquamarine,2012
95,Gustie,Amy,gamy2m@wikia.com,Female,Food Chemist,Chevrolet,G-Series G30,Pink,1992
96,Moishe,Robers,mrobers2n@google.cn,Male,Occupational Therapist,Toyota,Tercel,Teal,1997
97,Cosme,Mounsie,cmounsie2o@github.io,Male,Web Designer IV,Mercury,Grand Marquis,Puce,2011
98,Demetri,Robiot,drobiot2p@baidu.com,Male,Legal Assistant,Pontiac,Daewoo Kalos,Aquamarine,2005
99,Thomas,Newing,tnewing2q@constantcontact.com,Male,Database Administrator III,Volkswagen,Golf,Fuscia,1992
100,Danila,Volette,dvolette2r@amazon.co.uk,Female,Assistant Manager,Cadillac,CTS-V,Mauv,2011
101,Libby,Mahon,lmahon2s@cpanel.net,Female,Health Coach II,Volvo,S40,Blue,2010
102,Valerye,Pillington,vpillington2t@jugem.jp,Female,Administrative Assistant IV,Toyota,T100,Yellow,1995
103,Collin,Peinke,cpeinke2u@webs.com,Male,Health Coach I,Mitsubishi,Challenger,Goldenrod,2000
104,Forrester,Klinck,fklinck2v@is.gd,Male,Sales Associate,Chevrolet,Corvette,Puce,1996
105,Dewie,Prangley,dprangley2w@constantcontact.com,Male,Administrative Assistant I,Mitsubishi,Galant,Puce,2008
106,Konstance,Kighly,kkighly2x@vistaprint.com,Female,Structural Analysis Engineer,Mercedes-Benz,SLK-Class,Purple,2011
107,Alecia,Tingey,atingey2y@bigcartel.com,Female,Actuary,Honda,Fit,Violet,2010
108,Guinevere,Aspinal,gaspinal2z@chicagotribune.com,Female,Marketing Assistant,Pontiac,LeMans,Goldenrod,1964
109,Adah,Georgot,ageorgot30@miibeian.gov.cn,Female,Information Systems Manager,Lexus,IS-F,Aquamarine,2011
110,Wheeler,Noirel,wnoirel31@harvard.edu,Male,Sales Representative,Dodge,Neon,Green,1996
111,Vaughan,Felton,vfelton32@ifeng.com,Male,Web Developer III,Mercedes-Benz,300CE,Violet,1993
112,Angela,Epelett,aepelett33@elegantthemes.com,Female,Safety Technician I,Dodge,Sprinter,Violet,2008
113,Vinson,Fisby,vfisby34@goo.ne.jp,Male,Systems Administrator II,Chevrolet,TrailBlazer,Fuscia,2002
114,Cass,Bramich,cbramich35@ucoz.com,Female,Biostatistician II,Mitsubishi,Chariot,Blue,1990
115,Madeleine,Boyack,mboyack36@angelfire.com,Female,Chief Design Engineer,GMC,Yukon XL 2500,Aquamarine,2012
116,Cleavland,Giannotti,cgiannotti37@redcross.org,Male,Pharmacist,Subaru,Impreza,Mauv,2008
117,Carlota,Keysel,ckeysel38@bing.com,Female,Tax Accountant,Chevrolet,Lumina,Khaki,1997
118,Malvin,Garlette,mgarlette39@ustream.tv,Male,Environmental Tech,Volkswagen,Cabriolet,Blue,1987
119,Audi,Yeomans,ayeomans3a@hp.com,Female,Account Representative III,Chevrolet,Impala,Blue,2001
120,Karmen,Brannigan,kbrannigan3b@squidoo.com,Female,VP Product Management,BMW,1 Series,Purple,2012
121,Godfry,Floyde,gfloyde3c@furl.net,Male,Cost Accountant,Ford,E-Series,Purple,2007
122,Marilin,Michiel,mmichiel3d@youtube.com,Female,Tax Accountant,Subaru,Forester,Khaki,2000
123,Rudolfo,Izchaki,rizchaki3e@feedburner.com,Male,Mechanical Systems Engineer,Ford,E-Series,Purple,1994
124,Reggi,Sertin,rsertin3f@microsoft.com,Female,Geologist II,Chrysler,Town & Country,Goldenrod,2011
125,Winnie,Priddey,wpriddey3g@shareasale.com,Male,Quality Engineer,Ford,E250,Purple,2003
126,Johnathan,Gretton,jgretton3h@java.com,Male,Food Chemist,Mitsubishi,Lancer Evolution,Orange,2008
127,Aleta,Orbell,aorbell3i@mlb.com,Female,Help Desk Operator,Lexus,LX,Goldenrod,2011
128,Billy,Mitchelhill,bmitchelhill3j@alibaba.com,Male,Information Systems Manager,Jeep,Wrangler,Maroon,1993
129,Lalo,Dawkins,ldawkins3k@baidu.com,Male,Environmental Specialist,Porsche,Cayenne,Puce,2005
130,Silvanus,MacEvilly,smacevilly3l@example.com,Male,Engineer II,Mercury,Sable,Purple,2000
131,Harmonia,Buxam,hbuxam3m@4shared.com,Female,General Manager,Ford,Tempo,Blue,1988
132,Henrietta,Caruth,hcaruth3n@altervista.org,Female,Product Engineer,Ford,F450,Purple,2012
133,Anne,Sharrard,asharrard3o@ucla.edu,Female,Sales Associate,Chevrolet,Corvette,Goldenrod,1957
134,Malena,Mattack,mmattack3p@wufoo.com,Female,Recruiter,BMW,3 Series,Fuscia,2002
135,Davie,Hinrichsen,dhinrichsen3q@dell.com,Male,Actuary,Acura,TSX,Khaki,2012
136,Pearl,Bolderson,pbolderson3r@nps.gov,Female,Sales Representative,Studebaker,Avanti,Pink,1964
137,Kimball,Caley,kcaley3s@arizona.edu,Male,Social Worker,Isuzu,Rodeo,Yellow,2003
138,Joeann,Antonetti,jantonetti3t@berkeley.edu,Female,Statistician I,Hyundai,Entourage,Khaki,2008
139,Riobard,Affuso,raffuso3u@hp.com,Male,Professor,Lotus,Esprit,Puce,1999
140,Haily,Badgers,hbadgers3v@shinystat.com,Male,Community Outreach Specialist,Volkswagen,CC,Aquamarine,2009
141,Rosemonde,Scothorne,rscothorne3w@squidoo.com,Female,Nurse,Dodge,Dakota Club,Yellow,2000
142,Garfield,Hogben,ghogben3x@zdnet.com,Male,Biostatistician I,Oldsmobile,Aurora,Maroon,2003
143,Felice,Parish,fparish3y@virginia.edu,Female,Database Administrator II,Audi,Q7,Khaki,2011
144,Doralynn,Garett,dgarett3z@ask.com,Female,Business Systems Development Analyst,Ford,Bronco II,Yellow,1988
145,Feliks,Presser,fpresser40@deviantart.com,Male,Office Assistant I,Acura,RL,Aquamarine,2003
146,Cully,Gabbatt,cgabbatt41@goodreads.com,Male,Automation Specialist IV,Toyota,RAV4,Teal,1998
147,Mick,McAnulty,mmcanulty42@networksolutions.com,Male,Engineer III,Toyota,Camry,Yellow,1992
148,Joete,Bockings,jbockings43@npr.org,Female,Web Designer II,Chrysler,300M,Violet,2003
149,Zechariah,Pillans,zpillans44@usnews.com,Male,Human Resources Assistant III,Subaru,Forester,Violet,2008
150,Demetri,Jullian,djullian45@issuu.com,Male,Environmental Tech,Mazda,CX-9,Orange,2008
151,Christian,Burcher,cburcher46@nationalgeographic.com,Male,GIS Technical Architect,Plymouth,Voyager,Indigo,1995
152,Janos,Yelland,jyelland47@cbsnews.com,Male,Registered Nurse,Subaru,Outback,Blue,2004
153,Daune,Killingbeck,dkillingbeck48@addtoany.com,Female,Speech Pathologist,Saturn,Outlook,Goldenrod,2010
154,Elyn,MacNelly,emacnelly49@dropbox.com,Female,Civil Engineer,Volvo,S40,Aquamarine,2001
155,Jedidiah,Carbett,jcarbett4a@google.com,Male,Mechanical Systems Engineer,Nissan,Frontier,Purple,1999
156,Thaine,Gartsyde,tgartsyde4b@networksolutions.com,Male,Information Systems Manager,Jeep,Cherokee,Fuscia,1998
157,Byron,Paolacci,bpaolacci4c@ycombinator.com,Male,Assistant Media Planner,Saturn,Relay,Mauv,2006
158,Clotilda,Darthe,cdarthe4d@wordpress.org,Female,Senior Editor,Mercedes-Benz,CLS-Class,Puce,2011
159,Anatole,Burrows,aburrows4e@ted.com,Male,Nuclear Power Engineer,BMW,5 Series,Teal,1993
160,Abagael,Dollin,adollin4f@bloglines.com,Female,Operator,Dodge,Dakota Club,Pink,2005
161,Edgard,Skeat,eskeat4g@reference.com,Male,Help Desk Technician,Dodge,Ram Van 3500,Fuscia,1998
162,Man,Gloster,mgloster4h@umich.edu,Male,Research Nurse,Chevrolet,Monte Carlo,Red,1999
163,Cicily,Stanes,cstanes4i@yolasite.com,Female,Quality Engineer,Dodge,Magnum,Purple,2008
164,Naomi,Jiles,njiles4j@salon.com,Female,VP Accounting,Toyota,Celica,Violet,1994
165,Alan,Tales,atales4k@tinyurl.com,Male,Teacher,Nissan,Pathfinder,Goldenrod,2009
166,Cristian,Amberg,camberg4l@berkeley.edu,Male,VP Marketing,Isuzu,i-Series,Maroon,2008
167,Pooh,Peet,ppeet4m@fda.gov,Male,Clinical Specialist,BMW,545,Violet,2005
168,Ursula,Keenan,ukeenan4n@mysql.com,Female,Legal Assistant,Mercedes-Benz,CL65 AMG,Teal,2009
169,Sascha,Duckett,sduckett4o@boston.com,Female,Recruiter,Volkswagen,GTI,Violet,1997
170,Hali,Tomasino,htomasino4p@technorati.com,Female,Internal Auditor,Lincoln,Town Car,Goldenrod,1984
171,Joscelin,Rizzelli,jrizzelli4q@geocities.com,Female,Food Chemist,Chevrolet,Equinox,Purple,2009
172,Bellanca,Hebblewhite,bhebblewhite4r@nytimes.com,Female,Electrical Engineer,Aston Martin,Vanquish S,Turquoise,2005
173,Ramsey,Van Dale,rvandale4s@slashdot.org,Male,Chemical Engineer,Volvo,S80,Purple,2012
174,Marigold,Whaplington,mwhaplington4t@flavors.me,Female,Cost Accountant,Chevrolet,Silverado 2500,Purple,2005
175,Maurits,MacCaig,mmaccaig4u@un.org,Male,Clinical Specialist,Pontiac,Grand Prix,Yellow,1970
176,Tammie,Eleshenar,teleshenar4v@newsvine.com,Male,Programmer Analyst IV,Chevrolet,Sportvan G30,Purple,1996
177,Pippa,McCrum,pmccrum4w@answers.com,Female,Administrative Officer,Ford,E-Series,Blue,1994
178,Cob,Meadowcroft,cmeadowcroft4x@youku.com,Male,Cost Accountant,Volkswagen,New Beetle,Crimson,2004
179,Reese,Ovington,rovington4y@google.co.uk,Male,Structural Analysis Engineer,Aston Martin,DBS,Violet,2009
180,Regina,Ogborn,rogborn4z@japanpost.jp,Female,VP Sales,Acura,Integra,Crimson,1994
181,Caldwell,Mecco,cmecco50@wisc.edu,Male,Safety Technician I,Mitsubishi,Chariot,Indigo,1993
182,Ki,Croshaw,kcroshaw51@macromedia.com,Female,Marketing Assistant,Kia,Optima,Blue,2004
183,Smith,Fisk,sfisk52@theatlantic.com,Male,Senior Editor,Kia,Sportage,Indigo,2000
184,Amalita,Leeburne,aleeburne53@columbia.edu,Female,Staff Accountant III,Audi,V8,Teal,1994
185,Lillian,Bradder,lbradder54@netvibes.com,Female,Occupational Therapist,Pontiac,LeMans,Red,1989
186,Skipp,McElrea,smcelrea55@un.org,Male,Environmental Tech,Volvo,V50,Teal,2007
187,Kermy,Culkin,kculkin56@howstuffworks.com,Male,Senior Sales Associate,Ford,Fiesta,Purple,2001
188,Ozzie,Timlin,otimlin57@google.nl,Male,Research Associate,Toyota,Venza,Khaki,2009
189,Alexia,Ponter,aponter58@noaa.gov,Female,Sales Representative,Mercury,Cougar,Blue,1990
190,Tam,Niblo,tniblo59@cmu.edu,Male,Safety Technician II,Ford,Mustang,Blue,2004
191,Samaria,Seth,sseth5a@answers.com,Female,Community Outreach Specialist,GMC,Sonoma,Goldenrod,1997
192,Kele,Birchwood,kbirchwood5b@last.fm,Male,Information Systems Manager,Buick,LeSabre,Red,1993
193,Alia,Goding,agoding5c@cloudflare.com,Female,Sales Associate,Toyota,FJ Cruiser,Orange,2011
194,Mayer,Waberer,mwaberer5d@marketwatch.com,Male,Senior Financial Analyst,Mitsubishi,Pajero,Maroon,2000
195,Jeramey,Shimony,jshimony5e@goo.gl,Male,Payment Adjustment Coordinator,Chevrolet,Aveo,Pink,2010
196,Datha,Albiston,dalbiston5f@nifty.com,Female,Electrical Engineer,Cadillac,Escalade EXT,Pink,2007
197,Heath,Bratch,hbratch5g@google.it,Male,Information Systems Manager,Ford,Ranger,Aquamarine,1987
198,Bertha,Crat,bcrat5h@cbc.ca,Female,Account Representative I,Volkswagen,CC,Goldenrod,2013
199,Louisette,Springthorp,lspringthorp5i@aboutads.info,Female,Graphic Designer,BMW,7 Series,Khaki,1992
200,Kathleen,Murname,kmurname5j@examiner.com,Female,Account Executive,Nissan,Xterra,Purple,2005
201,Ced,Buffy,cbuffy5k@smh.com.au,Male,Human Resources Manager,Maserati,Karif,Crimson,1990
202,Lind,Ballinghall,lballinghall5l@creativecommons.org,Male,Safety Technician II,BMW,3 Series,Indigo,1996
203,Enrika,Gillison,egillison5m@nps.gov,Female,Help Desk Operator,Audi,A3,Maroon,2012
204,Bart,Advani,badvani5n@smh.com.au,Male,Assistant Manager,Chevrolet,Express 1500,Indigo,2003
205,Clara,Georger,cgeorger5o@acquirethisname.com,Female,Engineer I,Isuzu,Ascender,Pink,2008
206,Virge,Aguirre,vaguirre5p@cnbc.com,Male,Librarian,Buick,Roadmaster,Pink,1992
207,Laurel,Elverston,lelverston5q@forbes.com,Female,Account Executive,Dodge,Ram Wagon B350,Maroon,1994
208,Catharina,Fenemore,cfenemore5r@ibm.com,Female,Project Manager,Saab,900,Indigo,1997
209,Ellissa,M'Barron,embarron5s@blog.com,Female,Analyst Programmer,Isuzu,Hombre,Pink,2000
210,Benny,Rayer,brayer5t@ucsd.edu,Male,Environmental Specialist,Buick,Skylark,Indigo,1985
211,Bernadette,Goard,bgoard5u@bbc.co.uk,Female,Chemical Engineer,Mercury,Mountaineer,Indigo,1998
212,Port,Stentiford,pstentiford5v@upenn.edu,Male,Financial Analyst,Toyota,Solara,Mauv,2004
213,Pamela,Utridge,putridge5w@rambler.ru,Female,Geological Engineer,BMW,5 Series,Maroon,2001
214,Berte,Beedell,bbeedell5x@slashdot.org,Female,Research Nurse,Ford,Escape,Khaki,2004
215,Albertina,Ollis,aollis5y@unblog.fr,Female,Social Worker,Toyota,Highlander,Turquoise,2007
216,Gabriele,Gaddie,ggaddie5z@quantcast.com,Male,Research Assistant II,Ford,F250,Teal,2006
217,Emalia,Sofe,esofe60@slideshare.net,Female,Geological Engineer,GMC,Sierra 3500,Mauv,2005
218,Ondrea,Orange,oorange61@weather.com,Female,VP Sales,Volvo,S60,Violet,2006
219,Dunstan,Rotte,drotte62@ca.gov,Male,Project Manager,Oldsmobile,88,Goldenrod,1993
220,Orella,Sutherns,osutherns63@lulu.com,Female,Recruiting Manager,Chevrolet,Corvette,Green,1984
221,Fara,Alyukin,falyukin64@scientificamerican.com,Female,Software Test Engineer I,GMC,Sierra 3500,Indigo,2005
222,Susann,Baile,sbaile65@ezinearticles.com,Female,Sales Associate,Hummer,H1,Crimson,1993
223,Cthrine,Deble,cdeble66@ucla.edu,Female,VP Quality Control,Volkswagen,Type 2,Yellow,1988
224,Samson,Snepp,ssnepp67@irs.gov,Male,Analyst Programmer,Mercedes-Benz,C-Class,Maroon,2009
225,Thorvald,Corton,tcorton68@geocities.jp,Male,Desktop Support Technician,Subaru,Alcyone SVX,Crimson,1997
226,Tana,Renahan,trenahan69@ed.gov,Female,Editor,Chevrolet,Corvette,Pink,1985
227,Iorgo,Thame,ithame6a@google.com.hk,Male,Information Systems Manager,Cadillac,DeVille,Orange,1997
228,Gennifer,Vaughn,gvaughn6b@t-online.de,Female,Marketing Manager,Buick,Enclave,Khaki,2010
229,Sherman,Aspital,saspital6c@vinaora.com,Male,Environmental Tech,Dodge,Avenger,Aquamarine,2008
230,Gordie,Okeshott,gokeshott6d@businessweek.com,Male,Business Systems Development Analyst,Jeep,Grand Cherokee,Pink,1998
231,Pierre,Jillett,pjillett6e@wisc.edu,Male,Operator,Pontiac,Aztek,Violet,2001
232,Winfred,Basham,wbasham6f@prnewswire.com,Male,Financial Advisor,Dodge,Charger,Green,2007
233,Boyd,Cottrill,bcottrill6g@mediafire.com,Male,Project Manager,Chrysler,Town & Country,Orange,2000
234,Olvan,Jozsa,ojozsa6h@4shared.com,Male,Civil Engineer,Volvo,XC70,Blue,2005
235,John,Jammet,jjammet6i@sphinn.com,Male,Speech Pathologist,Cadillac,Escalade,Blue,2012
236,Sigismondo,Cherry,scherry6j@joomla.org,Male,Dental Hygienist,Hummer,H3,Turquoise,2009
237,Darci,Lowell,dlowell6k@so-net.ne.jp,Female,VP Accounting,BMW,M,Violet,2000
238,Terra,Chalk,tchalk6l@slate.com,Female,General Manager,Chevrolet,Camaro,Aquamarine,1982
239,Lynnett,Ales0,lales6m@chronoengine.com,Female,Electrical Engineer,Buick,Skylark,Indigo,1992
240,Ruddie,Wistance,rwistance6n@google.nl,Male,Associate Professor,Mercury,Cougar,Goldenrod,1967
241,Jodi,Hardie,jhardie6o@newyorker.com,Male,Actuary,Cadillac,DeVille,Khaki,1995
242,Morgun,Planks,mplanks6p@slate.com,Male,Nurse,Cadillac,DTS,Violet,2010
243,Reeta,Trelease,rtrelease6q@liveinternet.ru,Female,Internal Auditor,Mitsubishi,Eclipse,Indigo,1993
244,Mavra,Gland,mgland6r@blogs.com,Female,General Manager,GMC,Envoy XL,Purple,2002
245,Stanwood,Fane,sfane6s@myspace.com,Male,Analyst Programmer,Mazda,Millenia,Khaki,1995
246,Basilio,MacArthur,bmacarthur6t@seesaa.net,Male,Accountant III,Honda,Pilot,Crimson,2004
247,Harlan,Grene,hgrene6u@xrea.com,Male,Legal Assistant,Pontiac,Montana,Aquamarine,2004
248,Ysabel,Oatley,yoatley6v@abc.net.au,Female,Safety Technician I,Chrysler,300,Orange,2008
249,Dulciana,Osbiston,dosbiston6w@cyberchimps.com,Female,Administrative Officer,GMC,3500,Crimson,1999
250,Jeannie,Meadowcroft,jmeadowcroft6x@ustream.tv,Female,Help Desk Technician,Mitsubishi,Pajero,Red,2001
251,Bev,Keast,bkeast6y@google.cn,Male,Structural Analysis Engineer,BMW,Z3,Puce,1996
252,Rachel,Backhouse,rbackhouse6z@eepurl.com,Female,Help Desk Technician,Ford,Expedition,Teal,2006
253,Way,Muller,wmuller70@admin.ch,Male,Chief Design Engineer,Volkswagen,Cabriolet,Yellow,2001
254,Reagan,Dollen,rdollen71@w3.org,Male,Account Coordinator,Nissan,Versa,Mauv,2010
255,Dita,Mattheus,dmattheus72@howstuffworks.com,Female,Speech Pathologist,Nissan,Pathfinder,Pink,2004
256,Ker,Danigel,kdanigel73@wired.com,Male,Web Designer I,BMW,X6 M,Puce,2013
257,Penni,Janicek,pjanicek74@msu.edu,Female,VP Quality Control,Toyota,Solara,Violet,1999
258,Pia,Elcombe,pelcombe75@google.cn,Female,Mechanical Systems Engineer,GMC,Canyon,Purple,2006
259,Glyn,Starrs,gstarrs76@nasa.gov,Male,Financial Advisor,Chevrolet,Equinox,Green,2006
260,Tracey,Woodthorpe,twoodthorpe77@last.fm,Female,VP Sales,Chevrolet,Uplander,Teal,2006
261,Nowell,Naylor,nnaylor78@quantcast.com,Male,Physical Therapy Assistant,Honda,Accord,Teal,2000
262,Aaron,Essberger,aessberger79@latimes.com,Male,Office Assistant IV,Mercedes-Benz,SL-Class,Green,2003
263,Torrence,Kestell,tkestell7a@parallels.com,Male,Analog Circuit Design manager,Toyota,Sienna,Crimson,2000
264,Simone,Garz,sgarz7b@ycombinator.com,Male,Administrative Officer,Volvo,S60,Yellow,2006
265,Bennett,Cousans,bcousans7c@vk.com,Male,Editor,Pontiac,GTO,Mauv,1972
266,Gayler,Blunn,gblunn7d@amazon.co.jp,Male,Account Executive,Nissan,370Z,Purple,2009
267,Lenci,Vannuchi,lvannuchi7e@usda.gov,Male,Nuclear Power Engineer,Mazda,MX-5,Orange,2004
268,Sebastian,Baunton,sbaunton7f@usnews.com,Male,Account Executive,Mitsubishi,Diamante,Violet,1996
269,Devan,Dowyer,ddowyer7g@washington.edu,Female,Senior Developer,Bentley,Continental GT,Pink,2012
270,Neddie,Marklin,nmarklin7h@theguardian.com,Male,Payment Adjustment Coordinator,Mercedes-Benz,SL-Class,Khaki,1992
271,Ruperto,Redgate,rredgate7i@cdc.gov,Male,Administrative Assistant I,Mazda,Protege,Aquamarine,2002
272,Leland,Circuit,lcircuit7j@who.int,Male,Clinical Specialist,Chevrolet,Corvette,Red,2012
273,Harrietta,Corradeschi,hcorradeschi7k@slideshare.net,Female,Physical Therapy Assistant,Infiniti,M,Indigo,2011
274,Brant,Andriolli,bandriolli7l@woothemes.com,Male,Payment Adjustment Coordinator,Pontiac,Firebird,Indigo,2000
275,Maxim,Pedycan,mpedycan7m@deliciousdays.com,Male,Engineer III,Dodge,Stealth,Puce,1992
276,Cyrus,Hubert,chubert7n@addthis.com,Male,Media Manager I,Oldsmobile,Cutlass,Crimson,1997
277,Ellie,Hedau,ehedau7o@vinaora.com,Female,VP Marketing,Pontiac,1000,Green,1984
278,Darren,Blunsden,dblunsden7p@comcast.net,Male,Clinical Specialist,Lamborghini,Murciélago LP640,Crimson,2008
279,Mireille,Gribbin,mgribbin7q@360.cn,Female,Accounting Assistant III,Maybach,62,Crimson,2007
280,Lian,Dowers,ldowers7r@yahoo.com,Female,Software Engineer III,Aston Martin,DB9,Yellow,2008
281,Amby,Warhurst,awarhurst7s@taobao.com,Male,Graphic Designer,Pontiac,Grand Am,Pink,2000
282,Farlie,Forrest,fforrest7t@soup.io,Male,Environmental Tech,Mercedes-Benz,G-Class,Green,2009
283,Roderigo,Phythian,rphythian7u@goo.gl,Male,VP Accounting,Volkswagen,Jetta,Blue,2008
284,Stephen,Steventon,ssteventon7v@github.com,Male,Legal Assistant,Mercedes-Benz,CLK-Class,Violet,2009
285,Olenolin,Ovanesian,oovanesian7w@cafepress.com,Male,Electrical Engineer,Mercedes-Benz,SLR McLaren,Yellow,2006
286,Brigit,Kyncl,bkyncl7x@elpais.com,Female,Director of Sales,Nissan,Maxima,Pink,1998
287,Alvera,Stainton,astainton7y@abc.net.au,Female,Automation Specialist I,Honda,Accord,Green,2009
288,Farand,Thurgood,fthurgood7z@google.nl,Female,Administrative Officer,GMC,Sierra Hybrid,Pink,2006
289,Liv,Minichillo,lminichillo80@discovery.com,Female,Recruiter,Buick,LeSabre,Indigo,1997
290,Ardra,Leckenby,aleckenby81@flavors.me,Female,Executive Secretary,Mitsubishi,Diamante,Violet,2001
291,Fabiano,Sieve,fsieve82@nbcnews.com,Male,Desktop Support Technician,Chevrolet,Venture,Yellow,2004
292,Aluino,Matveichev,amatveichev83@gov.uk,Male,Nurse,Jaguar,X-Type,Khaki,2002
293,Elisha,Gabbatiss,egabbatiss84@gnu.org,Male,Pharmacist,Honda,Accord,Mauv,1985
294,Antonia,Beckensall,abeckensall85@desdev.cn,Female,Director of Sales,Mercedes-Benz,W201,Puce,1989
295,Donnie,Copson,dcopson86@ucsd.edu,Male,Junior Executive,Ford,Contour,Aquamarine,1995
296,Gradey,Webling,gwebling87@chronoengine.com,Male,Professor,Nissan,Maxima,Crimson,2011
297,Jelene,Matys,jmatys88@geocities.jp,Female,Biostatistician II,Chevrolet,Express 2500,Goldenrod,1998
298,Morey,Lepoidevin,mlepoidevin89@senate.gov,Male,Engineer IV,Volkswagen,Passat,Goldenrod,1988
299,Arda,Brewis,abrewis8a@samsung.com,Female,Research Assistant I,Mazda,CX-9,Crimson,2009
300,Gearard,Feldfisher,gfeldfisher8b@friendfeed.com,Male,General Manager,Acura,Integra,Pink,1998
301,Reuben,Filippyev,rfilippyev8c@imdb.com,Male,Information Systems Manager,Volkswagen,riolet,Teal,1993
302,Boigie,Durtnall,bdurtnall8d@nih.gov,Male,Geologist I,Ford,Escape,Fuscia,2013
303,Maryanna,Sellner,msellner8e@last.fm,Female,Geological Engineer,Pontiac,Grand Am,Fuscia,1996
304,Livy,Dowden,ldowden8f@sun.com,Female,Software Consultant,Porsche,Cayenne,Pink,2011
305,Helaina,Burden,hburden8g@smh.com.au,Female,Technical Writer,Porsche,911,Aquamarine,2001
306,Marthe,Biskupski,mbiskupski8h@irs.gov,Female,Senior Sales Associate,Mazda,Mazda5,Puce,2007
307,Stillmann,Dunbobin,sdunbobin8i@goo.gl,Male,Chemical Engineer,Volkswagen,GTI,Aquamarine,1991
308,Creight,Breslau,cbreslau8j@photobucket.com,Male,Senior Sales Associate,Volvo,S80,Turquoise,2001
309,Ethelda,Baythrop,ebaythrop8k@homestead.com,Female,Marketing Manager,GMC,Yukon,Mauv,2008
310,Nial,Everton,neverton8l@elegantthemes.com,Male,Marketing Assistant,Nissan,NX,Crimson,1992
311,Aubry,Ellesworthe,aellesworthe8m@bizjournals.com,Female,Physical Therapy Assistant,Maybach,57,Fuscia,2009
312,Alexandre,Himsworth,ahimsworth8n@domainmarket.com,Male,Marketing Assistant,Isuzu,Impulse,Green,1992
313,Thomas,Chastagnier,tchastagnier8o@baidu.com,Male,Account Executive,Volkswagen,rio,Crimson,1995
314,Teodor,Kingham,tkingham8p@tamu.edu,Male,Analog Circuit Design manager,Lexus,LX,Teal,2004
315,Kate,Deverill,kdeverill8q@hao123.com,Female,Senior Quality Engineer,Acura,NSX,Goldenrod,1992
316,Odilia,De Ath,odeath8r@cbsnews.com,Female,Teacher,Hyundai,Tiburon,Blue,2000
317,Wernher,Gillet,wgillet8s@deliciousdays.com,Male,Financial Analyst,Ferrari,458 Italia,Aquamarine,2011
318,Chris,Naughton,cnaughton8t@sohu.com,Female,VP Sales,Isuzu,Amigo,Indigo,1999
319,Claudette,Marchello,cmarchello8u@seesaa.net,Female,Editor,Mitsubishi,GTO,Teal,1997
320,Pet,Twatt,ptwatt8v@oaic.gov.au,Female,Internal Auditor,Mitsubishi,Eclipse,Green,2012
321,Lyn,Jedraszek,ljedraszek8w@comsenz.com,Male,Design Engineer,BMW,M3,Mauv,1997
322,Deane,Bensley,dbensley8x@yahoo.co.jp,Female,Business Systems Development Analyst,Mazda,CX-9,Khaki,2012
323,Verge,Vittore,vvittore8y@creativecommons.org,Male,Business Systems Development Analyst,Suzuki,Aerio,Blue,2005
324,Gwenore,Southcott,gsouthcott8z@last.fm,Female,Executive Secretary,Cadillac,SRX,Pink,2010
325,Ardenia,Gatman,agatman90@dropbox.com,Female,Accounting Assistant II,GMC,Yukon XL 2500,Puce,2007
326,Xavier,Arnley,xarnley91@comsenz.com,Male,Food Chemist,Dodge,Ram 2500,Teal,2008
327,Silvano,Oglevie,soglevie92@fc2.com,Male,Software Test Engineer III,Toyota,Paseo,Orange,1994
328,Andie,Rashleigh,arashleigh93@clickbank.net,Male,Analog Circuit Design manager,Kia,Rio,Violet,2002
329,Nefen,Eagger,neagger94@comcast.net,Male,Graphic Designer,Toyota,Solara,Turquoise,2007
330,Creigh,Sommerlin,csommerlin95@jigsy.com,Male,Social Worker,Lexus,LS,Pink,2010
331,Whittaker,Zanre,wzanre96@instagram.com,Male,Statistician I,Porsche,911,Maroon,2007
332,Devan,Horrigan,dhorrigan97@china.com.cn,Female,Account Representative IV,GMC,Sierra 2500HD,Yellow,2006
333,Bealle,Levene,blevene98@github.com,Male,Structural Analysis Engineer,Ford,E350,Violet,2008
334,Curcio,Berrisford,cberrisford99@bloomberg.com,Male,Geologist III,Kia,Spectra,Aquamarine,2006
335,Georgiana,Buncom,gbuncom9a@delicious.com,Female,Help Desk Technician,Dodge,Charger,Mauv,1968
336,Stevy,Currom,scurrom9b@tinyurl.com,Male,Community Outreach Specialist,Audi,S6,Green,2002
337,Dallis,Shirt,dshirt9c@free.fr,Male,Staff Accountant II,Audi,S8,Pink,2008
338,Guntar,Sygrove,gsygrove9d@discuz.net,Male,Technical Writer,BMW,M3,Purple,1996
339,Anabel,Stambridge,astambridge9e@chronoengine.com,Female,Financial Advisor,Porsche,Carrera GT,Goldenrod,2005
340,Missy,Izakoff,mizakoff9f@godaddy.com,Female,Senior Cost Accountant,Pontiac,Grand Prix,Red,1987
341,Luca,Swinyard,lswinyard9g@state.gov,Male,Office Assistant IV,Audi,A4,Khaki,2007
342,Malinda,Hassall,mhassall9h@wufoo.com,Female,Social Worker,BMW,600,Puce,1958
343,Sidoney,Babbidge,sbabbidge9i@ycombinator.com,Female,Librarian,Mazda,Mazda6,Goldenrod,2006
344,Delilah,Kunert,dkunert9j@altervista.org,Female,Biostatistician II,Volkswagen,Passat,Puce,2009
345,Keith,Skypp,kskypp9k@smh.com.au,Male,Research Associate,Chevrolet,Impala,Violet,2004
346,Marcel,Pimlott,mpimlott9l@creativecommons.org,Male,Registered Nurse,Ford,F150,Fuscia,2006
347,Patti,Claire,pclaire9m@facebook.com,Female,Research Nurse,Toyota,Previa,Red,1997
348,Batholomew,Ranby,branby9n@imageshack.us,Male,Associate Professor,Ford,Crown Victoria,Purple,1996
349,Bev,D'Errico,bderrico9o@google.cn,Female,Media Manager IV,Oldsmobile,Aurora,Maroon,1998
350,Ollie,Mathis,omathis9p@tuttocitta.it,Male,Programmer Analyst IV,GMC,Savana,Purple,2007
351,Desmond,Birchill,dbirchill9q@hud.gov,Male,Systems Administrator IV,Chevrolet,Express 1500,Pink,2010
352,Sal,Roadknight,sroadknight9r@epa.gov,Male,Electrical Engineer,Ford,Taurus,Crimson,2005
353,Frazer,Stolle,fstolle9s@meetup.com,Male,Staff Scientist,Kia,Forte,Teal,2010
354,Roley,Seabon,rseabon9t@dailymotion.com,Male,Electrical Engineer,Mitsubishi,Mirage,Khaki,1997
355,Paula,Charlotte,pcharlotte9u@geocities.com,Female,Speech Pathologist,Porsche,911,Blue,2009
356,Gallard,Pascow,gpascow9v@bbc.co.uk,Male,Sales Associate,Chevrolet,Tracker,Puce,2000
357,Broddy,Ladell,bladell9w@princeton.edu,Male,Professor,Nissan,Pathfinder,Violet,1996
358,Curtice,Marley,cmarley9x@vk.com,Male,Database Administrator IV,Ford,Explorer Sport Trac,Blue,2009
359,Hobey,Mortell,hmortell9y@fc2.com,Male,Accounting Assistant III,GMC,Suburban 2500,Mauv,1993
360,Rudolph,Jerson,rjerson9z@tinypic.com,Male,Senior Editor,Pontiac,Sunbird,Purple,1983
361,Lev,Byrd,lbyrda0@ed.gov,Male,Administrative Assistant II,Mercedes-Benz,C-Class,Fuscia,1994
362,Addi,Eriksson,aerikssona1@hexun.com,Female,Internal Auditor,Lexus,GS,Maroon,1997
363,Hort,Peare,hpearea2@sakura.ne.jp,Male,VP Accounting,Isuzu,Hombre Space,Orange,1998
364,Ricca,Drohane,rdrohanea3@clickbank.net,Female,VP Marketing,BMW,X6,Fuscia,2013
365,Mollee,Bownes,mbownesa4@webmd.com,Female,Payment Adjustment Coordinator,Mazda,MPV,Green,2005
366,Maryjane,Sclanders,msclandersa5@google.pl,Female,Nuclear Power Engineer,Geo,Prizm,Blue,1992
367,Dorris,Gateland,dgatelanda6@opensource.org,Female,Graphic Designer,Oldsmobile,Alero,Mauv,1999
368,Morlee,des Remedios,mdesremediosa7@vistaprint.com,Male,Graphic Designer,Chevrolet,Silverado 3500,Purple,2002
369,Franni,Lehrer,flehrera8@arizona.edu,Female,Account Coordinator,Lincoln,MKT,Red,2013
370,Hetty,De Mars,hdemarsa9@meetup.com,Female,Financial Advisor,Honda,Accord,Aquamarine,1999
371,Basilius,Readitt,breadittaa@nymag.com,Male,Occupational Therapist,Lincoln,Continental,Khaki,1996
372,Chic,Kynton,ckyntonab@indiatimes.com,Male,Actuary,Volkswagen,riolet,Khaki,1993
373,Kyle,Spreag,kspreagac@newsvine.com,Male,Senior Cost Accountant,MINI,Countryman,Pink,2011
374,Walther,Laverick,wlaverickad@yellowbook.com,Male,Tax Accountant,Mazda,Mazda6,Indigo,2011
375,Hartley,Hebborne,hhebborneae@acquirethisname.com,Male,Administrative Officer,Chevrolet,Suburban 2500,Crimson,2000
376,Aurilia,Safell,asafellaf@lulu.com,Female,Structural Engineer,Volkswagen,Corrado,Goldenrod,1992
377,Mendel,Itschakov,mitschakovag@tinyurl.com,Male,Staff Accountant III,BMW,Z4,Teal,2009
378,Ally,Elverstone,aelverstoneah@addtoany.com,Female,Clinical Specialist,Ford,Contour,Aquamarine,1997
379,Frazier,Woolvett,fwoolvettai@cbslocal.com,Male,Information Systems Manager,Kia,Rio,Turquoise,2008
380,Adler,Cuolahan,acuolahanaj@altervista.org,Male,Operator,Pontiac,Grand Am,Turquoise,2001
381,Rosalind,Esser,resserak@elpais.com,Female,Staff Accountant IV,Chevrolet,Express 3500,Blue,2001
382,Felicdad,Lockless,flocklessal@alibaba.com,Female,Cost Accountant,Jeep,Liberty,Pink,2003
383,Gawain,Penburton,gpenburtonam@techcrunch.com,Male,Staff Accountant II,Saab,9-5,Purple,2004
384,Delbert,Jacklings,djacklingsan@ca.gov,Male,Community Outreach Specialist,GMC,Savana 2500,Maroon,2009
385,Clary,Reuther,creutherao@surveymonkey.com,Female,Electrical Engineer,Ford,Escape,Crimson,2003
386,Lissy,Farragher,lfarragherap@delicious.com,Female,Desktop Support Technician,Mercedes-Benz,S-Class,Orange,1993
387,Onfre,Loughney,oloughneyaq@indiatimes.com,Male,Research Assistant IV,Audi,Coupe GT,Crimson,1986
388,Goldi,Kirkham,gkirkhamar@blogspot.com,Female,Accounting Assistant IV,Oldsmobile,Bravada,Mauv,1994
389,Kitty,Haith,khaithas@123-reg.co.uk,Female,Senior Sales Associate,Chevrolet,APV,Green,1993
390,Baron,Elcox,belcoxat@rediff.com,Male,VP Sales,Lexus,LS,Mauv,1997
391,Amye,Dyson,adysonau@google.com.au,Female,Assistant Professor,BMW,3 Series,Teal,2000
392,Talya,Volke,tvolkeav@ox.ac.uk,Female,Help Desk Technician,Jeep,Grand Cherokee,Green,2009
393,Alain,Locksley,alocksleyaw@google.com.au,Male,Executive Secretary,Dodge,Ram Van 3500,Yellow,1995
394,Terencio,Flexman,tflexmanax@nyu.edu,Male,Registered Nurse,Mercury,Capri,Khaki,1984
395,Arron,Parrot,aparrotay@miibeian.gov.cn,Male,Clinical Specialist,Saturn,VUE,Orange,2008
396,Mallory,Furmage,mfurmageaz@google.co.uk,Male,Nurse Practicioner,Ford,Torino,Blue,1970
397,Adrien,Learmond,alearmondb0@whitehouse.gov,Male,GIS Technical Architect,Cadillac,SRX,Green,2009
398,Lannie,Reina,lreinab1@ibm.com,Male,Sales Representative,Dodge,Caravan,Blue,2000
399,Debor,Clutterham,dclutterhamb2@booking.com,Female,Sales Representative,Nissan,Frontier,Purple,2000
400,Dorita,Pedlow,dpedlowb3@cnbc.com,Female,Chemical Engineer,Mercury,Mystique,Purple,1999
401,Riva,Peres,rperesb4@plala.or.jp,Female,Community Outreach Specialist,Infiniti,G35,Green,2006
402,Onida,Farndon,ofarndonb5@discuz.net,Female,General Manager,Pontiac,Firefly,Aquamarine,1987
403,Allyce,Dumper,adumperb6@wordpress.com,Female,Technical Writer,Ford,F250,Green,1993
404,Hillier,Beilby,hbeilbyb7@sourceforge.net,Male,Systems Administrator IV,BMW,M5,Khaki,2008
405,Feliks,Waterhous,fwaterhousb8@storify.com,Male,Statistician II,Ford,Escort,Turquoise,1986
406,Kaylee,Akeherst,kakeherstb9@hc360.com,Female,Information Systems Manager,Pontiac,GTO,Violet,1969
407,Rosemaria,Scutter,rscutterba@shop-pro.jp,Female,Software Engineer III,Mercedes-Benz,Sprinter,Violet,2010
408,Jeni,Rives,jrivesbb@deliciousdays.com,Female,Occupational Therapist,Audi,200,Teal,1990
409,Renaud,Pezey,rpezeybc@php.net,Male,Legal Assistant,Chevrolet,Silverado,Goldenrod,2002
410,Ced,MacDowall,cmacdowallbd@naver.com,Male,Speech Pathologist,Holden,VS Commodore,Orange,1996
411,Gabriel,Humbie,ghumbiebe@example.com,Male,Assistant Manager,Land Rover,Range Rover,Goldenrod,2003
412,Simon,Burgill,sburgillbf@canalblog.com,Male,Cost Accountant,Lincoln,Navigator,Goldenrod,2007
413,Jamie,Shitliffe,jshitliffebg@constantcontact.com,Female,Human Resources Assistant III,Volkswagen,Touareg,Purple,2007
414,Giuditta,Devinn,gdevinnbh@webmd.com,Female,Systems Administrator I,Nissan,Sentra,Violet,2012
415,Myrwyn,Leas,mleasbi@gizmodo.com,Male,Chief Design Engineer,GMC,Yukon XL 1500,Green,2006
416,Barbi,Kivits,bkivitsbj@alexa.com,Female,Nuclear Power Engineer,Nissan,Xterra,Goldenrod,2009
417,Billye,Hyslop,bhyslopbk@dailymotion.com,Female,Health Coach II,Mitsubishi,Eclipse,Yellow,1993
418,Emory,Tapin,etapinbl@intel.com,Male,Assistant Media Planner,Volkswagen,Type 2,Mauv,1986
419,Cristionna,Hebblethwaite,chebblethwaitebm@wunderground.com,Female,Data Coordiator,Ford,Mustang,Orange,1971
420,Kelvin,Djekic,kdjekicbn@irs.gov,Male,Executive Secretary,Acura,TL,Crimson,2001
421,Poppy,Llorente,pllorentebo@cmu.edu,Female,Senior Developer,Audi,A5,Purple,2011
422,Mal,Simonsson,msimonssonbp@example.com,Male,VP Quality Control,Volvo,S40,Red,2009
423,Cecilia,Woffinden,cwoffindenbq@diigo.com,Female,Associate Professor,Volvo,S40,Yellow,2002
424,Damien,Pendre,dpendrebr@kickstarter.com,Male,Paralegal,Ferrari,F430 Spider,Purple,2006
425,Martha,Lofts,mloftsbs@123-reg.co.uk,Female,Librarian,Aston Martin,DBS,Teal,2010
426,Orv,Mallia,omalliabt@dailymotion.com,Male,Payment Adjustment Coordinator,Dodge,Grand Caravan,Purple,2012
427,Welsh,Twelve,wtwelvebu@craigslist.org,Male,Administrative Officer,Toyota,Tundra,Puce,2010
428,Kimmie,Gianolo,kgianolobv@ustream.tv,Female,Project Manager,Chevrolet,Corsica,Mauv,1994
429,Leoline,Powdrill,lpowdrillbw@marketwatch.com,Female,Internal Auditor,Pontiac,Firefly,Orange,1984
430,Elden,Wyne,ewynebx@deliciousdays.com,Male,Pharmacist,Mazda,Miata MX-5,Khaki,2004
431,Geri,Northwood,gnorthwoodby@wikipedia.org,Female,Payment Adjustment Coordinator,Ford,Aerostar,Maroon,1992
432,Lorant,Melonby,lmelonbybz@nasa.gov,Male,Nuclear Power Engineer,Ford,Edge,Turquoise,2011
433,Aldus,Garred,agarredc0@shop-pro.jp,Male,Paralegal,Pontiac,G5,Violet,2007
434,Ortensia,Foli,ofolic1@clickbank.net,Female,Computer Systems Analyst II,Ford,Crown Victoria,Orange,2003
435,Marlyn,Mawson,mmawsonc2@macromedia.com,Female,Research Assistant II,Lexus,GS,Turquoise,2008
436,Georgette,Linggood,glinggoodc3@bbb.org,Female,VP Sales,Infiniti,M,Aquamarine,2003
437,Bridgette,Heckle,bhecklec4@usnews.com,Female,Marketing Assistant,Ford,Bronco,Crimson,1984
438,Calhoun,Shreenan,cshreenanc5@a8.net,Male,Teacher,Chevrolet,Astro,Fuscia,1992
439,Camellia,Nellies,cnelliesc6@weibo.com,Female,Occupational Therapist,Volkswagen,Routan,Violet,2011
440,Emilio,Cardoo,ecardooc7@yelp.com,Male,Senior Financial Analyst,Foose,Hemisfear,Khaki,2007
441,Saxon,Dytham,sdythamc8@europa.eu,Male,Marketing Assistant,Nissan,Datsun/Nissan Z-car,Maroon,1990
442,Ninon,Phin,nphinc9@cargocollective.com,Female,Recruiter,Suzuki,Grand Vitara,Puce,2000
443,Marten,Picken,mpickenca@disqus.com,Male,Paralegal,Hyundai,Veracruz,Teal,2009
444,Julio,Mapledoore,jmapledoorecb@mapy.cz,Male,Software Test Engineer II,Mazda,Miata MX-5,Goldenrod,1995
445,Leia,Biss,lbisscc@jiathis.com,Female,Product Engineer,Volvo,C70,Green,2011
446,Mercy,Andreaccio,mandreacciocd@vk.com,Female,Geological Engineer,Aptera,2e,Maroon,2009
447,Imelda,Woodall,iwoodallce@geocities.com,Female,Recruiter,Suzuki,XL7,Green,2007
448,Liv,Kupis,lkupiscf@bizjournals.com,Female,Tax Accountant,Toyota,Sienna,Yellow,1999
449,Karlie,Mawford,kmawfordcg@cisco.com,Female,Accountant IV,BMW,7 Series,Blue,2002
450,Sargent,Thorold,sthoroldch@hao123.com,Male,Web Designer III,Chevrolet,Equinox,Crimson,2012
451,Lyndell,Milch,lmilchci@businessweek.com,Female,Sales Representative,Ford,Focus,Purple,2010
452,Ingar,Gledhall,igledhallcj@simplemachines.org,Male,Clinical Specialist,Alfa Romeo,Spider,Maroon,1993
453,Wait,Gerhts,wgerhtsck@google.com.br,Male,VP Product Management,Chevrolet,Caprice,Aquamarine,1983
454,Tyler,Belton,tbeltoncl@pagesperso-orange.fr,Male,Sales Associate,Mercedes-Benz,E-Class,Indigo,1986
455,Rafaellle,Binnes,rbinnescm@123-reg.co.uk,Male,Registered Nurse,Toyota,Avalon,Violet,2002
456,Ramsey,Werlock,rwerlockcn@miibeian.gov.cn,Male,Developer IV,Honda,Pilot,Mauv,2008
457,Creight,Bremley,cbremleyco@xrea.com,Male,Database Administrator II,Scion,xB,Fuscia,2005
458,Edy,Durek,edurekcp@independent.co.uk,Female,Associate Professor,Infiniti,G35,Green,2006
459,Bette,McIlwraith,bmcilwraithcq@psu.edu,Female,Payment Adjustment Coordinator,GMC,Sonoma Club,Orange,1992
460,Devlin,Stitwell,dstitwellcr@themeforest.net,Male,Recruiting Manager,MINI,Cooper Clubman,Violet,2010
461,Rafaellle,Shailer,rshailercs@clickbank.net,Male,Product Engineer,Toyota,Avalon,Green,2005
462,Alister,Readhead,areadheadct@java.com,Male,Help Desk Technician,GMC,Rally Wagon 3500,Mauv,1993
463,Fair,Seear,fseearcu@youtube.com,Male,Software Consultant,Pontiac,Grand Prix,Green,1966
464,Romy,Stoade,rstoadecv@angelfire.com,Female,Human Resources Manager,GMC,2500 Club Coupe,Violet,1997
465,Brietta,Van Niekerk,bvanniekerkcw@free.fr,Female,Help Desk Technician,Hyundai,Sonata,Orange,2008
466,Nikkie,Mattheus,nmattheuscx@latimes.com,Female,Associate Professor,Ford,Taurus,Turquoise,2007
467,Fons,Fetterplace,ffetterplacecy@usgs.gov,Male,Cost Accountant,Lexus,LX,Red,1998
468,Cheri,Connerly,cconnerlycz@wunderground.com,Female,Developer IV,Subaru,Brat,Purple,1986
469,Holt,Pettyfar,hpettyfard0@quantcast.com,Male,Product Engineer,BMW,M3,Turquoise,1998
470,Dennison,Creelman,dcreelmand1@wikia.com,Male,Help Desk Technician,Suzuki,Swift,Goldenrod,2004
471,Gav,Houston,ghoustond2@etsy.com,Male,Statistician I,Buick,Roadmaster,Yellow,1991
472,Toby,Guiraud,tguiraudd3@jigsy.com,Male,Senior Quality Engineer,Honda,Accord,Crimson,2003
473,Orbadiah,Paskerful,opaskerfuld4@technorati.com,Male,Systems Administrator I,Mitsubishi,Challenger,Indigo,1997
474,Gasparo,D'eye,gdeyed5@goodreads.com,Male,Project Manager,Maybach,57S,Pink,2005
475,Terra,Behan,tbehand6@utexas.edu,Female,Payment Adjustment Coordinator,Pontiac,Sunbird,Blue,1991
476,Derby,Clutterham,dclutterhamd7@trellian.com,Male,Paralegal,Acura,Integra,Green,1998
477,Waring,Vials,wvialsd8@tinypic.com,Male,Executive Secretary,Porsche,944,Teal,1989
478,Staford,Moreton,smoretond9@scientificamerican.com,Male,Research Nurse,BMW,5 Series,Goldenrod,2009
479,Renato,Koeppe,rkoeppeda@psu.edu,Male,Human Resources Manager,Lexus,RX,Maroon,2006
480,Saraann,Plastow,splastowdb@utexas.edu,Female,Automation Specialist I,Audi,TT,Maroon,2008
481,Murvyn,Stickford,mstickforddc@google.es,Male,Systems Administrator III,Mazda,B-Series,Goldenrod,2000
482,Jermayne,Pocock,jpocockdd@adobe.com,Male,Systems Administrator II,Volkswagen,Jetta,Puce,2006
483,Arlana,Coen,acoende@fda.gov,Female,Technical Writer,Lincoln,Town Car,Goldenrod,1995
484,Colline,Corkel,ccorkeldf@wix.com,Female,Budget/Accounting Analyst III,BMW,530,Indigo,2004
485,Ilise,Kik,ikikdg@illinois.edu,Female,Human Resources Manager,GMC,1500 Club Coupe,Indigo,1995
486,Janey,Ketch,jketchdh@sogou.com,Female,Chief Design Engineer,Chevrolet,S10,Maroon,2002
487,Jannel,Bertlin,jbertlindi@github.io,Female,Computer Systems Analyst IV,Land Rover,Range Rover,Aquamarine,1988
488,Pansy,Autie,pautiedj@networksolutions.com,Female,Human Resources Manager,Nissan,Titan,Turquoise,2012
489,Winny,McCrorie,wmccroriedk@joomla.org,Male,Payment Adjustment Coordinator,Mazda,Mazda6,Goldenrod,2011
490,Mitchel,While,mwhiledl@newyorker.com,Male,Assistant Media Planner,BMW,5 Series,Mauv,2002
491,Ivar,Ostridge,iostridgedm@cargocollective.com,Male,Nurse Practicioner,Mercedes-Benz,CLK-Class,Violet,2007
492,Arlie,Buckles,abucklesdn@smugmug.com,Female,Software Test Engineer II,Mercedes-Benz,S-Class,Pink,2011
493,Elna,Jennions,ejennionsdo@mapquest.com,Female,Speech Pathologist,Lexus,IS,Green,2003
494,Moses,Stud,mstuddp@g.co,Male,Civil Engineer,Chevrolet,G-Series 2500,Pink,1997
495,Birgit,Bonifant,bbonifantdq@fema.gov,Female,Financial Analyst,Scion,xD,Maroon,2008
496,Lezlie,Machon,lmachondr@sun.com,Female,Programmer Analyst II,Acura,MDX,Violet,2009
497,Ewan,Gouny,egounyds@buzzfeed.com,Male,Software Consultant,Lotus,Esprit,Violet,1996
498,Neda,Antat,nantatdt@guardian.co.uk,Female,Web Designer III,Toyota,Celica,Green,1998
499,Gideon,Alcorn,galcorndu@ustream.tv,Male,Accountant I,Pontiac,Sunfire,Red,2001
500,Gav,Stott,gstottdv@google.com.au,Male,Registered Nurse,Volkswagen,Routan,Indigo,2010
501,Nicolais,Wagerfield,nwagerfielddw@vk.com,Male,Safety Technician I,Ferrari,F430,Goldenrod,2007
502,Humfrid,Ezzle,hezzledx@miitbeian.gov.cn,Male,Executive Secretary,Infiniti,Q,Indigo,2002
503,Fred,Kesby,fkesbydy@ehow.com,Male,Accountant II,Lexus,IS,Puce,2007
504,Dayle,Ivashev,divashevdz@wufoo.com,Female,Editor,Dodge,Ram Van 3500,Green,2002
505,Ferris,Praten,fpratene0@paginegialle.it,Male,VP Quality Control,Buick,Roadmaster,Blue,1996
506,Woodrow,Stonelake,wstonelakee1@blog.com,Male,Senior Sales Associate,Nissan,Murano,Aquamarine,2012
507,Emery,Enrigo,eenrigoe2@exblog.jp,Male,Editor,Isuzu,Hombre,Violet,1999
508,Kakalina,Pinchen,kpinchene3@shinystat.com,Female,Physical Therapy Assistant,GMC,Sierra 1500,Goldenrod,2009
509,Maryann,Dagg,mdagge4@exblog.jp,Female,Accounting Assistant I,Lincoln,Town Car,Purple,1993
510,Chicky,Leacy,cleacye5@friendfeed.com,Female,Occupational Therapist,Nissan,Murano,Green,2003
511,Griselda,Brideoke,gbrideokee6@deviantart.com,Female,Dental Hygienist,GMC,Savana 2500,Yellow,1996
512,Ruy,Beckley,rbeckleye7@example.com,Male,VP Accounting,Mercury,Sable,Turquoise,2004
513,Woodie,Borrett,wborrette8@free.fr,Male,Senior Cost Accountant,Dodge,Caravan,Teal,2008
514,Max,Obeney,mobeneye9@noaa.gov,Male,Help Desk Technician,Mercedes-Benz,CL-Class,Khaki,2000
515,Jobye,Clingan,jclinganea@dmoz.org,Female,Financial Advisor,Cadillac,Eldorado,Violet,1996
516,Ilysa,Keogh,ikeogheb@51.la,Female,Recruiter,Mazda,CX-9,Aquamarine,2010
517,Pincus,Blodget,pblodgetec@mapquest.com,Male,Actuary,Ford,Explorer,Aquamarine,1997
518,Bron,Boothroyd,bboothroyded@arizona.edu,Male,Marketing Manager,Nissan,Titan,Teal,2010
519,Toma,Feirn,tfeirnee@google.pl,Female,Occupational Therapist,Buick,Regal,Aquamarine,1987
520,Bernelle,Kinsley,bkinsleyef@wikipedia.org,Female,Community Outreach Specialist,Lamborghini,Murciélago,Puce,2003
521,Westbrooke,Ireson,wiresoneg@ovh.net,Male,Senior Cost Accountant,Lexus,LS,Yellow,2012
522,Lucian,Louth,lloutheh@sina.com.cn,Male,Senior Financial Analyst,Ford,E-Series,Violet,2007
523,Nichole,Faulkes,nfaulkesei@vistaprint.com,Male,Graphic Designer,Mitsubishi,Montero Sport,Red,1997
524,Ursulina,Glennard,uglennardej@jugem.jp,Female,Assistant Manager,Mazda,MPV,Blue,1997
525,Leelah,Inott,linottek@sakura.ne.jp,Female,Engineer I,Daewoo,Leganza,Maroon,2000
526,Fancie,Drysdall,fdrysdallel@weibo.com,Female,Chief Design Engineer,Chevrolet,Camaro,Fuscia,1972
527,Buffy,Alloway,ballowayem@tripadvisor.com,Female,Tax Accountant,Chrysler,300M,Orange,2002
528,Diane,Linnemann,dlinnemannen@mac.com,Female,Research Nurse,Mitsubishi,Pajero,Violet,2003
529,Dee,Drewry,ddrewryeo@wired.com,Female,Help Desk Technician,Lexus,IS,Indigo,2003
530,Amata,Finan,afinanep@boston.com,Female,Registered Nurse,Hyundai,Accent,Goldenrod,2000
531,Dru,Fanti,dfantieq@tripod.com,Female,Physical Therapy Assistant,Dodge,Ram Wagon B350,Yellow,1993
532,Hilario,Wyldbore,hwyldboreer@samsung.com,Male,Staff Accountant IV,Mazda,RX-8,Violet,2009
533,Michaela,O'Shavlan,moshavlanes@soundcloud.com,Female,Senior Cost Accountant,GMC,Envoy,Mauv,2009
534,Faina,Shermore,fshermoreet@nytimes.com,Female,Pharmacist,Aston Martin,DB9 Volante,Green,2006
535,Daniele,Mulchrone,dmulchroneeu@amazon.co.jp,Female,Associate Professor,Isuzu,Amigo,Goldenrod,2000
536,Farlee,Johnston,fjohnstonev@dailymotion.com,Male,Programmer III,Suzuki,Sidekick,Blue,1990
537,Wainwright,Gillan,wgillanew@freewebs.com,Male,Nurse,Hummer,H1,Green,1997
538,Kat,Roscow,kroscowex@naver.com,Female,Structural Engineer,GMC,Yukon XL 1500,Pink,2011
539,Caresse,Kelledy,ckelledyey@dot.gov,Female,Payment Adjustment Coordinator,Toyota,Matrix,Maroon,2004
540,Mirna,Fanthome,mfanthomeez@github.io,Female,Editor,Ford,F-Series,Yellow,1997
541,Shea,Marchi,smarchif0@reuters.com,Male,Senior Developer,BMW,745,Puce,2003
542,Marin,Delafoy,mdelafoyf1@mediafire.com,Female,Internal Auditor,Mazda,MPV,Green,1998
543,Gelya,Ickovic,gickovicf2@gmpg.org,Female,Internal Auditor,Buick,Regal,Teal,1991
544,Kailey,Dorgon,kdorgonf3@rambler.ru,Female,Research Associate,Infiniti,G,Crimson,1999
545,Kit,Tandey,ktandeyf4@ycombinator.com,Male,Structural Engineer,Chevrolet,Volt,Aquamarine,2012
546,Joline,Paddon,jpaddonf5@netlog.com,Female,Recruiter,Mazda,CX-7,Pink,2011
547,Kerri,Berth,kberthf6@wikipedia.org,Female,Sales Associate,Mitsubishi,Diamante,Mauv,1992
548,Granthem,Coleiro,gcoleirof7@go.com,Male,Chemical Engineer,Ford,Edge,Green,2010
549,Hinze,McGrae,hmcgraef8@simplemachines.org,Male,Web Developer IV,Jaguar,X-Type,Pink,2003
550,Theobald,Naden,tnadenf9@altervista.org,Male,Payment Adjustment Coordinator,Porsche,924 S,Maroon,1987
551,Sheila-kathryn,Chilcotte,schilcottefa@timesonline.co.uk,Female,Actuary,Oldsmobile,Aurora,Maroon,2001
552,Olympie,Ailsbury,oailsburyfb@ebay.com,Female,Software Consultant,Acura,CL,Teal,2001
553,Gaye,Yuryichev,gyuryichevfc@amazon.com,Female,Nuclear Power Engineer,Cadillac,Escalade EXT,Violet,2010
554,Nicol,Fontes,nfontesfd@hibu.com,Male,Programmer Analyst II,BMW,M5,Maroon,1992
555,Reinhard,Stanworth,rstanworthfe@boston.com,Male,Director of Sales,Pontiac,6000,Indigo,1984
556,Alyse,Arnaldi,aarnaldiff@jigsy.com,Female,Registered Nurse,Chevrolet,Silverado 2500,Yellow,2012
557,Tamar,Nettleship,tnettleshipfg@comsenz.com,Female,Programmer Analyst I,Isuzu,Amigo,Khaki,1998
558,Chauncey,Donati,cdonatifh@theatlantic.com,Male,Business Systems Development Analyst,Cadillac,Eldorado,Yellow,1992
559,Sher,Ghilardi,sghilardifi@istockphoto.com,Female,Recruiting Manager,Dodge,Ram 2500,Green,1997
560,Park,Heigho,pheighofj@techcrunch.com,Male,Help Desk Technician,Mazda,CX-9,Yellow,2009
561,Moise,Griffithe,mgriffithefk@istockphoto.com,Male,Design Engineer,Chrysler,Concorde,Khaki,1999
562,Clayborn,Rowth,crowthfl@irs.gov,Male,Occupational Therapist,Isuzu,Rodeo,Purple,2003
563,Myrtia,Tenby,mtenbyfm@ow.ly,Female,Analyst Programmer,Toyota,Tacoma,Red,2003
564,Augustina,Fellona,afellonafn@theatlantic.com,Female,Programmer II,Mitsubishi,Pajero,Puce,2003
565,Hayward,Hacquard,hhacquardfo@spiegel.de,Male,Desktop Support Technician,Infiniti,G,Maroon,2005
566,Mordecai,Edison,medisonfp@vistaprint.com,Male,Graphic Designer,Audi,V8,Blue,1994
567,Chip,Rust,crustfq@chronoengine.com,Male,Budget/Accounting Analyst III,Volvo,940,Mauv,1992
568,Roman,Comi,rcomifr@storify.com,Male,Marketing Assistant,Aston Martin,Vantage,Goldenrod,2010
569,Olvan,Briggdale,obriggdalefs@jiathis.com,Male,Biostatistician IV,Saab,9000,Orange,1994
570,Beret,Scuffham,bscuffhamft@slideshare.net,Female,Environmental Tech,Audi,A6,Goldenrod,2005
571,Katti,Oulett,koulettfu@ox.ac.uk,Female,Accounting Assistant IV,Lexus,IS,Fuscia,2003
572,Faye,Hempel,fhempelfv@marriott.com,Female,Software Engineer IV,Dodge,Dakota Club,Pink,2003
573,Hilary,Lattey,hlatteyfw@ifeng.com,Male,Paralegal,Kia,Rio,Yellow,2006
574,Wayne,Davydkov,wdavydkovfx@paypal.com,Male,Nurse,Dodge,D250,Crimson,1992
575,Gratiana,Matushenko,gmatushenkofy@smugmug.com,Female,Teacher,Daihatsu,Charade,Pink,1992
576,Gardy,Dudney,gdudneyfz@fastcompany.com,Male,Assistant Manager,Isuzu,Trooper,Teal,2001
577,Rozelle,Shawdforth,rshawdforthg0@foxnews.com,Female,Financial Advisor,Ford,Escort,Aquamarine,2000
578,Ingram,Tyler,itylerg1@blogtalkradio.com,Male,Marketing Assistant,Buick,Regal,Indigo,1998
579,Claire,Bilfoot,cbilfootg2@taobao.com,Female,Cost Accountant,Chevrolet,Corvette,Mauv,1964
580,Aharon,Macari,amacarig3@i2i.jp,Male,Pharmacist,Isuzu,i-Series,Yellow,2007
581,Kerr,Fogg,kfoggg4@slate.com,Male,Legal Assistant,Mazda,B2600,Purple,1987
582,Sander,Jirieck,sjirieckg5@harvard.edu,Male,Community Outreach Specialist,Acura,Integra,Teal,1988
583,Gallard,Willmer,gwillmerg6@adobe.com,Male,Senior Quality Engineer,Audi,200,Turquoise,1989
584,Rafaello,Scartifield,rscartifieldg7@berkeley.edu,Male,Executive Secretary,Volkswagen,CC,Puce,2010
585,Dimitri,de Wilde,ddewildeg8@microsoft.com,Male,Web Designer II,GMC,Jimmy,Aquamarine,1995
586,Honor,Broschek,hbroschekg9@flickr.com,Female,VP Marketing,GMC,Sierra 3500HD,Green,2006
587,Dorise,Giacomelli,dgiacomelliga@amazon.co.jp,Female,Account Executive,Mercedes-Benz,M-Class,Pink,2003
588,Becca,Baradel,bbaradelgb@hhs.gov,Female,Analog Circuit Design manager,BMW,550,Fuscia,2006
589,Ephraim,Maber,emabergc@army.mil,Male,Occupational Therapist,Toyota,Tacoma,Purple,2009
590,Dalli,Willcock,dwillcockgd@amazon.com,Male,Staff Scientist,BMW,M5,Crimson,2000
591,Margit,Ferrao,mferraoge@about.com,Female,Geological Engineer,Pontiac,G6,Crimson,2009
592,Damara,Burriss,dburrissgf@mapy.cz,Female,Assistant Media Planner,Mercedes-Benz,W201,Crimson,1987
593,Lorry,Sloey,lsloeygg@va.gov,Male,Librarian,Cadillac,Allante,Orange,1993
594,Samaria,Sahlstrom,ssahlstromgh@mac.com,Female,Assistant Professor,Volkswagen,Golf,Red,1997
595,Emmalynne,Ticehurst,eticehurstgi@hostgator.com,Female,Environmental Specialist,Ford,Crown Victoria,Aquamarine,1994
596,Eward,Koppelmann,ekoppelmanngj@amazon.co.uk,Male,Senior Financial Analyst,Scion,xA,Teal,2006
597,Mureil,Adie,madiegk@jiathis.com,Female,Physical Therapy Assistant,Dodge,Ram 1500,Khaki,2008
598,Jeremie,Scougall,jscougallgl@salon.com,Male,Technical Writer,Acura,NSX,Goldenrod,2001
599,Bennie,Gantlett,bgantlettgm@qq.com,Female,Structural Engineer,Lincoln,LS,Red,2001
600,Maud,Castelluzzi,mcastelluzzign@usgs.gov,Female,Operator,Lincoln,Navigator,Yellow,2006
601,Gabriele,Copin,gcopingo@squidoo.com,Male,Research Associate,Oldsmobile,LSS,Blue,1999
602,Trey,O'Doohaine,todoohainegp@samsung.com,Male,Accounting Assistant I,Dodge,Caravan,Puce,1998
603,Allegra,Griffey,agriffeygq@moonfruit.com,Female,Environmental Specialist,Ford,Mustang,Turquoise,2003
604,Page,Aleixo,paleixogr@usatoday.com,Male,Occupational Therapist,Subaru,Outback,Yellow,2004
605,Susan,Cuberley,scuberleygs@ihg.com,Female,Account Representative IV,GMC,Sierra 1500,Maroon,2002
606,Nickolai,Buten,nbutengt@wired.com,Male,Teacher,Alfa Romeo,164,Goldenrod,1992
607,Constantino,Sheward,cshewardgu@uiuc.edu,Male,Senior Sales Associate,Volkswagen,GTI,Violet,2010
608,Giulia,Cleeton,gcleetongv@ebay.co.uk,Female,Chief Design Engineer,Dodge,Grand Caravan,Violet,2010
609,Mata,Reyburn,mreyburngw@ted.com,Male,Information Systems Manager,Lexus,IS,Teal,2008
610,Kathleen,Gyenes,kgyenesgx@google.co.jp,Female,Accountant III,Scion,xB,Red,2009
611,Verne,Cholton,vcholtongy@ebay.com,Male,Graphic Designer,Acura,RDX,Aquamarine,2007
612,Bran,Hinze,bhinzegz@friendfeed.com,Male,Computer Systems Analyst IV,Ford,Mustang,Violet,2000
613,Valery,Pickup,vpickuph0@sakura.ne.jp,Female,Tax Accountant,Infiniti,I,Violet,2003
614,Susannah,Nacci,snaccih1@msn.com,Female,Occupational Therapist,Honda,Fit,Red,2007
615,Caty,Titchard,ctitchardh2@pagesperso-orange.fr,Female,Mechanical Systems Engineer,Aston Martin,DB9,Fuscia,2009
616,Marrissa,Jolin,mjolinh3@aol.com,Female,Recruiter,Jaguar,XJ Series,Pink,1997
617,Dell,Dener,ddenerh4@fastcompany.com,Male,Sales Representative,GMC,1500 Club Coupe,Red,1998
618,Randal,Le Friec,rlefriech5@smugmug.com,Male,Structural Engineer,Spyker,C8,Turquoise,2005
619,Noland,Meletti,nmelettih6@taobao.com,Male,Actuary,Rolls-Royce,Ghost,Red,2011
620,Linoel,Johncey,ljohnceyh7@usa.gov,Male,Mechanical Systems Engineer,Dodge,Grand Caravan,Blue,2006
621,Federica,Castane,fcastaneh8@craigslist.org,Female,Dental Hygienist,Maserati,Spyder,Crimson,1989
622,Shaun,Ibbison,sibbisonh9@ibm.com,Male,Assistant Manager,Toyota,Camry,Khaki,2009
623,Roman,Staite,rstaiteha@discuz.net,Male,Physical Therapy Assistant,Mercedes-Benz,SLK-Class,Aquamarine,1999
624,Tiffy,Pallent,tpallenthb@technorati.com,Female,Database Administrator II,Honda,Accord,Orange,2002
625,Ara,Michieli,amichielihc@boston.com,Female,Senior Editor,Pontiac,Gemini,Green,1986
626,Lottie,Reese,lreesehd@wired.com,Female,Mechanical Systems Engineer,Chevrolet,Avalanche 1500,Turquoise,2002
627,Yalonda,Cory,ycoryhe@chron.com,Female,Research Assistant II,Toyota,T100 Xtra,Aquamarine,1995
628,Sharla,Bruins,sbruinshf@yelp.com,Female,Senior Financial Analyst,Ford,F150,Green,1995
629,Josepha,Pampling,jpamplinghg@cyberchimps.com,Female,Engineer I,Isuzu,i-Series,Turquoise,2008
630,Brunhilda,Humbatch,bhumbatchhh@altervista.org,Female,Quality Engineer,Oldsmobile,LSS,Puce,1999
631,Gerrie,de la Valette Parisot,gdelavaletteparisothi@wsj.com,Male,Senior Sales Associate,Ford,Thunderbird,Aquamarine,1972
632,Hastings,Gerholz,hgerholzhj@yellowbook.com,Male,Compensation Analyst,Mercedes-Benz,E-Class,Maroon,2009
633,Cariotta,Cullingworth,ccullingworthhk@mail.ru,Female,Quality Control Specialist,Volvo,XC60,Green,2009
634,Merline,Lascell,mlascellhl@miibeian.gov.cn,Female,Desktop Support Technician,Mercedes-Benz,M-Class,Khaki,2000
635,Oswald,Pallas,opallashm@drupal.org,Male,Developer II,Lincoln,Mark VIII,Indigo,1996
636,Carlyn,Rhucroft,crhucrofthn@yahoo.com,Female,Nuclear Power Engineer,Pontiac,Sunbird,Maroon,1994
637,Willie,Pringle,wpringleho@scientificamerican.com,Female,Research Assistant I,Buick,Park Avenue,Khaki,1999
638,Aurora,Braunthal,abraunthalhp@joomla.org,Female,Information Systems Manager,Saab,9-5,Maroon,1999
639,Shelden,O'Donoghue,sodonoghuehq@mtv.com,Male,Financial Analyst,Saturn,L-Series,Aquamarine,2005
640,Carlen,Dallywater,cdallywaterhr@lycos.com,Female,Data Coordiator,Chevrolet,Impala,Crimson,1996
641,Erhard,Turfrey,eturfreyhs@hibu.com,Male,Paralegal,Ford,Escort,Mauv,1992
642,Viva,Gilfether,vgilfetherht@yellowpages.com,Female,Business Systems Development Analyst,Buick,Enclave,Goldenrod,2012
643,Sly,Choak,schoakhu@nps.gov,Male,Media Manager IV,Cadillac,Escalade,Maroon,2011
644,Dehlia,Lempertz,dlempertzhv@washington.edu,Female,Graphic Designer,Mercedes-Benz,S-Class,Yellow,2001
645,Christean,Ciccottio,cciccottiohw@hatena.ne.jp,Female,Web Developer IV,Chevrolet,G-Series 3500,Blue,1997
646,Tailor,Reddings,treddingshx@hud.gov,Male,Geological Engineer,Buick,Riviera,Fuscia,1990
647,Cosette,Arman,carmanhy@google.ru,Female,Software Test Engineer IV,Ford,E-Series,Pink,1988
648,Waylon,Hooke,whookehz@usda.gov,Male,Community Outreach Specialist,Land Rover,Range Rover,Violet,2011
649,Thaine,Lacheze,tlachezei0@furl.net,Male,Speech Pathologist,Volkswagen,Passat,Turquoise,1999
650,Idette,Philipsohn,iphilipsohni1@virginia.edu,Female,VP Quality Control,Chevrolet,Avalanche 2500,Indigo,2006
651,Hubert,Innott,hinnotti2@howstuffworks.com,Male,Computer Systems Analyst IV,Ford,Mustang,Aquamarine,2010
652,Tate,Cowperthwaite,tcowperthwaitei3@google.es,Male,Dental Hygienist,Volkswagen,Jetta,Maroon,2001
653,Mariellen,Ashley,mashleyi4@1688.com,Female,Environmental Tech,BMW,5 Series,Fuscia,1995
654,Aggie,Hubery,ahuberyi5@domainmarket.com,Female,Geologist III,Citroën,CX,Turquoise,1989
655,Ty,Sandle,tsandlei6@chicagotribune.com,Male,Electrical Engineer,Honda,S2000,Crimson,2001
656,Purcell,McCambridge,pmccambridgei7@bloomberg.com,Male,Accounting Assistant I,Volkswagen,Golf,Yellow,1999
657,Lawry,Bearn,lbearni8@columbia.edu,Male,Computer Systems Analyst II,Chevrolet,Corvette,Indigo,1985
658,Claretta,Blackham,cblackhami9@google.it,Female,Sales Associate,Chevrolet,Impala SS,Green,1995
659,Hadlee,Philipot,hphilipotia@oakley.com,Male,Occupational Therapist,Chevrolet,Cobalt,Aquamarine,2005
660,Boyce,Pol,bpolib@eventbrite.com,Male,Budget/Accounting Analyst II,GMC,Sierra 2500,Teal,2001
661,Kylila,Simononsky,ksimononskyic@fema.gov,Female,VP Quality Control,Pontiac,Grand Prix,Puce,1976
662,Jasen,Wadman,jwadmanid@sfgate.com,Male,Account Coordinator,Suzuki,Daewoo Lacetti,Blue,2007
663,Gertrudis,Mowsley,gmowsleyie@google.com,Female,Executive Secretary,Honda,Insight,Indigo,2011
664,Elissa,Gransden,egransdenif@cafepress.com,Female,Compensation Analyst,Subaru,Leone,Red,1987
665,Erhart,Sporner,espornerig@redcross.org,Male,Human Resources Assistant II,Mazda,Mazda6,Maroon,2009
666,Ronalda,MacCosto,rmaccostoih@miitbeian.gov.cn,Female,Research Associate,Maserati,228,Mauv,1989
667,Ilsa,Portch,iportchii@europa.eu,Female,Senior Quality Engineer,Hyundai,Sonata,Blue,2009
668,Adam,Malone,amaloneij@patch.com,Male,Software Engineer II,Lotus,Esprit,Mauv,1991
669,Sarene,Likly,sliklyik@bloglines.com,Female,Nurse,Buick,Riviera,Mauv,1987
670,Lebbie,Revening,lreveningil@posterous.com,Female,Automation Specialist II,Mercury,Grand Marquis,Turquoise,1986
671,Maxim,Stoak,mstoakim@mashable.com,Male,Budget/Accounting Analyst I,Volvo,XC60,Turquoise,2009
672,Justis,Daverin,jdaverinin@drupal.org,Male,Quality Control Specialist,Lincoln,MKZ,Turquoise,2009
673,Luis,Wickie,lwickieio@wikia.com,Male,Media Manager III,Ford,F150,Blue,2001
674,Clarabelle,Barbara,cbarbaraip@prnewswire.com,Female,VP Sales,Bentley,Continental,Purple,2010
675,Ulric,Malster,umalsteriq@photobucket.com,Male,Human Resources Manager,Nissan,Frontier,Maroon,2004
676,Bobette,Geaves,bgeavesir@squidoo.com,Female,VP Quality Control,Jeep,Grand Cherokee,Orange,2001
677,Zenia,Griswood,zgriswoodis@desdev.cn,Female,GIS Technical Architect,Chrysler,Sebring,Crimson,1997
678,Haslett,Slocom,hslocomit@alibaba.com,Male,Structural Analysis Engineer,GMC,Sierra 1500,Yellow,2000
679,Christye,Sachno,csachnoiu@ask.com,Female,Senior Sales Associate,Pontiac,Firefly,Maroon,1985
680,Janith,Geggus,jgeggusiv@gov.uk,Female,Compensation Analyst,Toyota,Land Cruiser,Teal,2010
681,Toddy,Walkey,twalkeyiw@dmoz.org,Male,Editor,Infiniti,I,Aquamarine,2003
682,Shem,Rubica,srubicaix@mapy.cz,Male,Database Administrator III,Ford,Explorer Sport Trac,Pink,2009
683,Jarrid,Beig,jbeigiy@illinois.edu,Male,Director of Sales,Kia,Optima,Violet,2002
684,Shirlee,Zaniolini,szanioliniiz@netvibes.com,Female,Research Assistant III,Oldsmobile,Regency,Turquoise,1998
685,Oran,Davidai,odavidaij0@chronoengine.com,Male,Geologist II,Buick,LeSabre,Yellow,1998
686,Jedidiah,Shipman,jshipmanj1@nyu.edu,Male,Senior Editor,Cadillac,Escalade ESV,Orange,2003
687,Feliza,Livsey,flivseyj2@unblog.fr,Female,Graphic Designer,Ford,Mustang,Orange,1966
688,Carlyle,Dignon,cdignonj3@telegraph.co.uk,Male,Pharmacist,GMC,Canyon,Indigo,2012
689,Stesha,Maudsley,smaudsleyj4@patch.com,Female,Speech Pathologist,Jeep,Grand Cherokee,Purple,2003
690,Grenville,Wyllt,gwylltj5@comcast.net,Male,Project Manager,Infiniti,J,Aquamarine,1993
691,Leyla,Parriss,lparrissj6@mit.edu,Female,Analyst Programmer,Toyota,Corolla,Turquoise,2012
692,Carr,Gianolini,cgianolinij7@comsenz.com,Male,Biostatistician III,Lotus,Elise,Teal,2008
693,Lenka,Silkston,lsilkstonj8@hatena.ne.jp,Female,Safety Technician IV,Bentley,Azure,Aquamarine,2009
694,Wilona,Corbally,wcorballyj9@chron.com,Female,Programmer IV,Volkswagen,Fox,Orange,1991
695,Una,Hise,uhiseja@163.com,Female,Research Nurse,Chevrolet,Cavalier,Turquoise,1995
696,Lamont,Wheeliker,lwheelikerjb@psu.edu,Male,Nurse,Mercury,Mystique,Red,1996
697,Lilly,Slessar,lslessarjc@bloglovin.com,Female,Financial Advisor,Toyota,4Runner,Indigo,1995
698,Wally,Morrowe,wmorrowejd@newsvine.com,Male,Food Chemist,Ferrari,612 Scaglietti,Indigo,2006
699,Floris,Reekie,freekieje@geocities.com,Female,Staff Scientist,Ford,LTD Crown Victoria,Violet,1990
700,Rossy,Bramwell,rbramwelljf@google.co.uk,Male,Safety Technician III,Volvo,S80,Green,2004
701,Sarita,Sibbons,ssibbonsjg@people.com.cn,Female,Software Engineer IV,Jeep,Compass,Fuscia,2007
702,Joel,Bann,jbannjh@github.com,Male,Information Systems Manager,Mercedes-Benz,SL-Class,Yellow,2002
703,Camila,Danielski,cdanielskiji@tamu.edu,Female,Programmer Analyst I,Suzuki,SJ,Aquamarine,1993
704,Krista,Devenny,kdevennyjj@squidoo.com,Female,Developer I,Toyota,MR2,Fuscia,2001
705,Thurstan,Hoodlass,thoodlassjk@reverbnation.com,Male,Human Resources Assistant I,Mazda,MX-6,Pink,1994
706,Daryl,Crut,dcrutjl@reference.com,Male,Sales Representative,Cadillac,Seville,Orange,2000
707,Marjory,Musson,mmussonjm@dmoz.org,Female,Human Resources Assistant I,Suzuki,Equator,Red,2011
708,Elmira,Bailles,ebaillesjn@sphinn.com,Female,Data Coordiator,Mercedes-Benz,S-Class,Goldenrod,2007
709,Juline,O'Hickey,johickeyjo@hubpages.com,Female,Financial Analyst,Buick,Skyhawk,Fuscia,1989
710,Bryna,Staziker,bstazikerjp@ed.gov,Female,Design Engineer,Eagle,Talon,Turquoise,1993
711,Lotte,Trees,ltreesjq@scientificamerican.com,Female,Marketing Assistant,Kia,Spectra,Puce,2004
712,Gage,Strelitzki,gstrelitzkijr@usatoday.com,Male,Occupational Therapist,Suzuki,Verona,Yellow,2006
713,Babbie,Bolesma,bbolesmajs@devhub.com,Female,Software Consultant,Buick,Skylark,Indigo,1997
714,Avigdor,Saunder,asaunderjt@bbb.org,Male,Mechanical Systems Engineer,Audi,V8,Khaki,1991
715,Lorna,Tilio,ltilioju@yahoo.com,Female,Office Assistant II,Chevrolet,Corvette,Pink,1955
716,Manon,Wrout,mwroutjv@webmd.com,Female,Programmer I,Nissan,350Z Roadster,Orange,2006
717,Kingsly,Druitt,kdruittjw@discuz.net,Male,Internal Auditor,Lincoln,MKX,Fuscia,2012
718,Florella,Kikke,fkikkejx@webmd.com,Female,Data Coordiator,Mazda,Familia,Pink,1990
719,Wiatt,Retallick,wretallickjy@psu.edu,Male,Business Systems Development Analyst,Lexus,RX,Crimson,2003
720,Denyse,Bickerdicke,dbickerdickejz@nbcnews.com,Female,Human Resources Manager,Infiniti,G35,Mauv,2004
721,Alic,Kaasman,akaasmank0@over-blog.com,Male,Registered Nurse,Porsche,944,Turquoise,1991
722,Evie,Larman,elarmank1@disqus.com,Female,Human Resources Assistant II,BMW,X5,Green,2007
723,Morty,Stonuary,mstonuaryk2@livejournal.com,Male,Information Systems Manager,Mercury,Grand Marquis,Khaki,1999
724,Alano,Brunke,abrunkek3@cnet.com,Male,Account Executive,Nissan,Maxima,Turquoise,2009
725,Daphene,Bigglestone,dbigglestonek4@samsung.com,Female,Environmental Specialist,Ford,Edge,Violet,2013
726,Darrin,Daniello,ddaniellok5@illinois.edu,Male,Biostatistician III,Lexus,IS,Khaki,2010
727,Florentia,Silkston,fsilkstonk6@example.com,Female,Structural Analysis Engineer,GMC,1500,Crimson,1996
728,Codi,Whibley,cwhibleyk7@wikia.com,Female,Graphic Designer,Chevrolet,Suburban 2500,Green,1995
729,Mac,Milley,mmilleyk8@mac.com,Male,Environmental Specialist,Mercedes-Benz,M-Class,Yellow,2004
730,Fletcher,Brainsby,fbrainsbyk9@engadget.com,Male,Product Engineer,Chrysler,Prowler,Indigo,2001
731,Amalita,Medina,amedinaka@whitehouse.gov,Female,Chief Design Engineer,Oldsmobile,Intrigue,Fuscia,1998
732,Zarah,Couroy,zcouroykb@intel.com,Female,Accounting Assistant II,Hyundai,Accent,Violet,2004
733,Anni,McClenaghan,amcclenaghankc@cornell.edu,Female,Executive Secretary,Audi,TT,Red,2005
734,Bink,Rives,briveskd@cam.ac.uk,Male,VP Sales,Maserati,Quattroporte,Purple,2007
735,Jeanine,Manion,jmanionke@tumblr.com,Female,Human Resources Manager,Buick,Electra,Aquamarine,1990
736,Lenka,Ingleton,lingletonkf@furl.net,Female,Engineer IV,Mercedes-Benz,300SL,Teal,1993
737,Wolfgang,Lauritzen,wlauritzenkg@google.co.uk,Male,Senior Sales Associate,Nissan,Maxima,Indigo,2009
738,Aron,Suggett,asuggettkh@dagondesign.com,Male,Associate Professor,Saab,9-5,Teal,2005
739,Billie,Flode,bflodeki@twitter.com,Female,VP Sales,Chevrolet,Corvette,Fuscia,1975
740,Zorah,Awdry,zawdrykj@marketwatch.com,Female,Human Resources Manager,Buick,LeSabre,Blue,2002
741,Aldric,Ricardon,aricardonkk@netscape.com,Male,Human Resources Assistant IV,Chevrolet,Malibu,Green,1997
742,Felicia,Itzig,fitzigkl@stanford.edu,Female,Senior Sales Associate,Toyota,Prius,Crimson,2011
743,Rayshell,Barnhill,rbarnhillkm@marketwatch.com,Female,Design Engineer,Mazda,RX-7,Teal,1985
744,Zachary,Farraway,zfarrawaykn@bizjournals.com,Male,Compensation Analyst,Buick,Riviera,Khaki,1989
745,Dunn,Duell,dduellko@ning.com,Male,Environmental Specialist,Audi,A3,Yellow,2010
746,Dredi,Amer,damerkp@wufoo.com,Female,Civil Engineer,GMC,Terrain,Blue,2012
747,Temple,Lathom,tlathomkq@networksolutions.com,Male,Graphic Designer,Mercedes-Benz,E-Class,Pink,2000
748,Eliza,Coppens,ecoppenskr@topsy.com,Female,Administrative Officer,Toyota,Yaris,Maroon,2008
749,Tricia,Fernely,tfernelyks@usa.gov,Female,Structural Engineer,Lincoln,MKZ,Aquamarine,2009
750,Petr,Cawthra,pcawthrakt@slashdot.org,Male,Assistant Professor,GMC,Jimmy,Yellow,2001
751,Milka,Pendleberry,mpendleberryku@hud.gov,Female,Executive Secretary,Maserati,Biturbo,Violet,1984
752,Damien,Ledwich,dledwichkv@1und1.de,Male,Legal Assistant,Nissan,Murano,Indigo,2006
753,Devin,Kaming,dkamingkw@wp.com,Female,Account Coordinator,Chevrolet,Suburban,Teal,2010
754,Carolann,Whellans,cwhellanskx@webmd.com,Female,Pharmacist,Chrysler,Concorde,Yellow,2003
755,Beltran,Hofton,bhoftonky@samsung.com,Male,Community Outreach Specialist,Chrysler,Town & Country,Pink,1998
756,Star,Hallihan,shallihankz@gmpg.org,Female,Technical Writer,Audi,R8,Khaki,2010
757,Doralynn,Schwandner,dschwandnerl0@wikimedia.org,Female,Staff Scientist,Mazda,Mazda5,Goldenrod,2006
758,Maryjane,Pollicote,mpollicotel1@reference.com,Female,Teacher,Lincoln,Town Car,Yellow,1999
759,Edd,Gounet,egounetl2@blogs.com,Male,Actuary,Audi,S4,Pink,2012
760,Arin,Ducarel,aducarell3@typepad.com,Male,Developer III,Hyundai,Azera,Fuscia,2008
761,Minta,Joul,mjoull4@indiegogo.com,Female,Sales Associate,Cadillac,CTS-V,Fuscia,2007
762,Glen,Conrad,gconradl5@sphinn.com,Male,Developer II,Nissan,Frontier,Goldenrod,2012
763,Yuri,Pead,ypeadl6@infoseek.co.jp,Male,Human Resources Assistant II,Mercedes-Benz,CL-Class,Blue,2007
764,Cobbie,Dirand,cdirandl7@newyorker.com,Male,Librarian,Maserati,Quattroporte,Green,2010
765,Julienne,Figin,jfiginl8@europa.eu,Female,Geologist III,Chevrolet,Astro,Teal,1996
766,Babbette,Cornehl,bcornehll9@mapquest.com,Female,Analyst Programmer,Nissan,280ZX,Pink,1979
767,Lisette,Raubenheim,lraubenheimla@nsw.gov.au,Female,Paralegal,Mazda,B-Series,Puce,2007
768,Marget,Semeradova,msemeradovalb@geocities.com,Female,Clinical Specialist,Cadillac,Seville,Teal,2003
769,Tildi,Rogge,troggelc@artisteer.com,Female,Executive Secretary,Lincoln,MKX,Aquamarine,2008
770,Hyacinthia,Pree,hpreeld@blog.com,Female,Administrative Assistant II,Mazda,Familia,Goldenrod,1992
771,Consuelo,Hydes,chydesle@sitemeter.com,Female,Financial Analyst,Oldsmobile,Aurora,Blue,2003
772,Connie,Dellit,cdellitlf@nsw.gov.au,Female,Staff Scientist,Kia,Rondo,Indigo,2009
773,Jeni,Bucknill,jbucknilllg@amazonaws.com,Female,Paralegal,Mercury,Tracer,Turquoise,1988
774,Nikolaus,Darch,ndarchlh@jalbum.net,Male,Safety Technician III,Mazda,Protege,Aquamarine,1997
775,Trudey,Guise,tguiseli@cbslocal.com,Female,Programmer II,Jaguar,X-Type,Violet,2005
776,Adriana,Hammersley,ahammersleylj@arizona.edu,Female,Developer II,Ford,Freestar,Pink,2003
777,Merwyn,Valeri,mvalerilk@e-recht24.de,Male,Business Systems Development Analyst,Jeep,Compass,Yellow,2007
778,Buiron,Gloy,bgloyll@google.com,Male,Director of Sales,Cadillac,XLR,Yellow,2007
779,Debi,Brittian,dbrittianlm@princeton.edu,Female,Computer Systems Analyst IV,Audi,S5,Aquamarine,2010
780,Colver,Augustus,caugustusln@flavors.me,Male,Financial Advisor,Kia,Sportage,Crimson,2009
781,Madelin,Butchard,mbutchardlo@admin.ch,Female,Legal Assistant,Chevrolet,Traverse,Maroon,2012
782,Elvera,Howlin,ehowlinlp@state.gov,Female,Structural Analysis Engineer,Cadillac,DeVille,Blue,2000
783,Lucais,Brauner,lbraunerlq@flavors.me,Male,Product Engineer,Honda,Fit,Maroon,2010
784,Stanford,Manders,smanderslr@ihg.com,Male,Recruiter,Chrysler,Sebring,Yellow,1995
785,Avram,Lies,aliesls@com.com,Male,Food Chemist,GMC,Jimmy,Puce,1993
786,Muire,Purshouse,mpurshouselt@apache.org,Female,Senior Editor,Nissan,Rogue,Red,2012
787,Mar,Eliez,meliezlu@guardian.co.uk,Male,Clinical Specialist,BMW,M,Yellow,2001
788,Robinet,Goodhall,rgoodhalllv@deviantart.com,Female,Help Desk Operator,Volkswagen,GTI,Puce,1990
789,Lin,MacTrusty,lmactrustylw@topsy.com,Female,Help Desk Operator,Nissan,Cube,Purple,2012
790,Jakie,McLaine,jmclainelx@loc.gov,Male,Accounting Assistant III,Jeep,Grand Cherokee,Goldenrod,2008
791,Kris,Hilbourne,khilbournely@pcworld.com,Male,Analog Circuit Design manager,Audi,Q5,Crimson,2011
792,Barris,Spurnier,bspurnierlz@stumbleupon.com,Male,Programmer I,Pontiac,Grand Prix Turbo,Orange,1990
793,Gilburt,Blackston,gblackstonm0@myspace.com,Male,Chief Design Engineer,Cadillac,DTS,Pink,2010
794,Desiri,Marcome,dmarcomem1@slashdot.org,Female,VP Marketing,Acura,NSX,Aquamarine,1999
795,Madelaine,Ezzy,mezzym2@xrea.com,Female,Payment Adjustment Coordinator,Audi,A4,Purple,2003
796,Birch,Curwen,bcurwenm3@nationalgeographic.com,Male,Executive Secretary,Volkswagen,Golf,Orange,1988
797,Bernadene,Woodroffe,bwoodroffem4@feedburner.com,Female,Environmental Tech,Volkswagen,Golf,Orange,1998
798,Chiquia,Hallede,challedem5@wunderground.com,Female,Director of Sales,Kia,Sportage,Crimson,2002
799,Serena,White,swhitem6@wordpress.com,Female,Financial Analyst,Acura,NSX,Green,2003
800,Chadd,Bearward,cbearwardm7@cpanel.net,Male,Payment Adjustment Coordinator,Nissan,Sentra,Green,2009
801,Carine,Seman,csemanm8@angelfire.com,Female,Programmer III,Nissan,Altima,Orange,2002
802,Agnella,De Miranda,ademirandam9@seesaa.net,Female,Financial Analyst,Mercury,Grand Marquis,Yellow,1994
803,Hugibert,Shakelade,hshakeladema@booking.com,Male,Tax Accountant,Mitsubishi,Pajero,Goldenrod,1985
804,Glyn,Pruckner,gprucknermb@vimeo.com,Male,Operator,Land Rover,Discovery,Fuscia,2011
805,Bella,Olyet,bolyetmc@nps.gov,Female,Environmental Tech,Infiniti,IPL G,Turquoise,2012
806,Zara,Neads,zneadsmd@seesaa.net,Female,General Manager,Porsche,Cayman,Turquoise,2009
807,Lanie,Sullivan,lsullivanme@dagondesign.com,Male,VP Accounting,Pontiac,Torrent,Puce,2007
808,Reeva,Poundsford,rpoundsfordmf@diigo.com,Female,Nuclear Power Engineer,Kia,Forte,Fuscia,2010
809,Lissi,Danielovitch,ldanielovitchmg@unc.edu,Female,Software Test Engineer III,Dodge,Magnum,Yellow,2006
810,Bevon,Lanphere,blanpheremh@samsung.com,Male,Automation Specialist III,Chevrolet,Lumina,Mauv,1997
811,Gibb,Colegrove,gcolegrovemi@ucoz.ru,Male,Editor,Honda,Civic,Purple,2008
812,Maxy,Ravenscraft,mravenscraftmj@bizjournals.com,Male,Project Manager,Ford,Crown Victoria,Puce,2011
813,Ermanno,Heffernan,eheffernanmk@cloudflare.com,Male,Director of Sales,Dodge,Ram 2500,Puce,2000
814,Nero,Dancey,ndanceyml@amazon.co.uk,Male,Civil Engineer,BMW,X3,Yellow,2010
815,Karlee,Sheehan,ksheehanmm@yandex.ru,Female,Civil Engineer,Toyota,Tacoma,Orange,1995
816,Woodie,Fleckney,wfleckneymn@utexas.edu,Male,Cost Accountant,GMC,Envoy XUV,Orange,2004
817,Hersch,Kenneford,hkennefordmo@thetimes.co.uk,Male,Actuary,Jaguar,XJ,Yellow,2006
818,Loutitia,Sked,lskedmp@adobe.com,Female,Accounting Assistant I,Pontiac,Grand Am,Blue,1998
819,Cosimo,Shippard,cshippardmq@cargocollective.com,Male,Pharmacist,Chevrolet,Colorado,Green,2004
820,Dalis,Tern,dternmr@shareasale.com,Male,Product Engineer,Toyota,Corolla,Blue,1997
821,Kimble,Rainey,kraineyms@indiatimes.com,Male,Account Representative I,Chevrolet,Prizm,Teal,1998
822,Rockwell,Muckleston,rmucklestonmt@blinklist.com,Male,Director of Sales,Ford,Edge,Orange,2012
823,Alix,Cosans,acosansmu@si.edu,Female,Systems Administrator I,Lamborghini,Gallardo,Purple,2007
824,Lucita,Shills,lshillsmv@issuu.com,Female,Research Associate,Mitsubishi,Lancer Evolution,Yellow,2008
825,Gerhardine,Deener,gdeenermw@cdbaby.com,Female,VP Sales,Porsche,Panamera,Orange,2010
826,Corrinne,Crinion,ccrinionmx@java.com,Female,Business Systems Development Analyst,GMC,Jimmy,Red,1997
827,Adan,Bestman,abestmanmy@wikispaces.com,Female,Senior Quality Engineer,Nissan,Sentra,Orange,2012
828,Gonzales,Pettersen,gpettersenmz@cyberchimps.com,Male,Administrative Officer,Audi,S6,Violet,2003
829,Vail,Gerran,vgerrann0@virginia.edu,Male,Health Coach IV,Pontiac,Safari,Crimson,1988
830,Josh,Roxburgh,jroxburghn1@wiley.com,Male,Statistician III,Jaguar,X-Type,Puce,2002
831,Rodie,Pittendreigh,rpittendreighn2@ted.com,Female,Librarian,Jeep,Wrangler,Aquamarine,1999
832,Bartlet,Werrett,bwerrettn3@ocn.ne.jp,Male,Environmental Tech,Chrysler,Imperial,Turquoise,1926
833,Ash,Brave,abraven4@skype.com,Male,Statistician IV,Infiniti,FX,Teal,2011
834,Jere,Suart,jsuartn5@mtv.com,Male,Assistant Media Planner,Dodge,Challenger,Blue,2011
835,Winthrop,Troker,wtrokern6@sohu.com,Male,Actuary,Mitsubishi,Mirage,Goldenrod,1986
836,Carter,Tourle,ctourlen7@mail.ru,Male,VP Product Management,Mazda,B-Series,Red,1989
837,Fifi,Fitt,ffittn8@dropbox.com,Female,Director of Sales,Oldsmobile,Aurora,Blue,2002
838,Hedi,Winspare,hwinsparen9@yolasite.com,Female,Recruiting Manager,Mazda,Mazda5,Khaki,2006
839,Brinna,Scriver,bscriverna@harvard.edu,Female,Desktop Support Technician,Ford,Taurus,Green,1993
840,Johna,Strooband,jstroobandnb@alibaba.com,Female,Software Test Engineer IV,Chevrolet,Tahoe,Fuscia,2003
841,Dante,Habin,dhabinnc@stanford.edu,Male,Staff Accountant III,Volvo,S60,Aquamarine,2013
842,Levy,Wagstaffe,lwagstaffend@e-recht24.de,Male,Business Systems Development Analyst,BMW,5 Series,Mauv,1997
843,Celeste,Saville,csavillene@google.de,Female,Developer II,MINI,Cooper,Khaki,2009
844,Colver,Thom,cthomnf@blog.com,Male,Executive Secretary,Chrysler,Sebring,Blue,2008
845,Octavius,Eite,oeiteng@adobe.com,Male,Staff Accountant IV,Nissan,Altima,Pink,2009
846,Dagmar,McKevany,dmckevanynh@trellian.com,Female,VP Sales,Volkswagen,GTI,Maroon,2006
847,Sergei,Elverstone,selverstoneni@feedburner.com,Male,Desktop Support Technician,Chevrolet,Camaro,Goldenrod,1969
848,Connor,Salvati,csalvatinj@theglobeandmail.com,Male,Assistant Professor,Infiniti,QX,Purple,2012
849,Barnie,Weir,bweirnk@cam.ac.uk,Male,Systems Administrator II,Plymouth,Grand Voyager,Khaki,1998
850,Odetta,Greatbach,ogreatbachnl@upenn.edu,Female,Chief Design Engineer,Audi,RS4,Goldenrod,2007
851,Beaufort,Witherby,bwitherbynm@statcounter.com,Male,Community Outreach Specialist,Ford,E-Series,Indigo,1987
852,Patton,Thoumas,pthoumasnn@google.cn,Male,Software Test Engineer IV,Subaru,Loyale,Pink,1992
853,Celinda,Laflin,claflinno@naver.com,Female,Recruiting Manager,Acura,TSX,Crimson,2009
854,Tressa,Musico,tmusiconp@dot.gov,Female,Actuary,Suzuki,SJ,Puce,1993
855,Mead,Dawkins,mdawkinsnq@about.me,Female,Financial Advisor,Nissan,Murano,Teal,2012
856,Arielle,Dongate,adongatenr@archive.org,Female,Design Engineer,Subaru,Legacy,Mauv,2002
857,Morissa,Pruce,mprucens@posterous.com,Female,Web Developer IV,Dodge,Magnum,Violet,2005
858,Barrie,Pestell,bpestellnt@wufoo.com,Female,Quality Engineer,Mercury,Mountaineer,Purple,1998
859,Sibelle,Bernardeschi,sbernardeschinu@youtu.be,Female,Clinical Specialist,Mercury,Milan,Goldenrod,2007
860,Gwendolen,Bickerdike,gbickerdikenv@topsy.com,Female,Internal Auditor,Nissan,Sentra,Maroon,2005
861,Elfrida,Glossup,eglossupnw@com.com,Female,Help Desk Operator,Pontiac,Bonneville,Maroon,2003
862,Steffi,Anderton,sandertonnx@tripadvisor.com,Female,Recruiting Manager,BMW,7 Series,Puce,2010
863,Jobye,Merrington,jmerringtonny@spiegel.de,Female,Budget/Accounting Analyst III,Panoz,Esperante,Teal,2005
864,Pooh,Damrell,pdamrellnz@blog.com,Male,Safety Technician IV,GMC,Yukon,Green,1995
865,Sheelagh,Ilyinski,silyinskio0@imageshack.us,Female,Sales Associate,Mitsubishi,Mighty Max,Goldenrod,1993
866,Bobbe,Stuther,bstuthero1@washingtonpost.com,Female,Electrical Engineer,Lincoln,Continental,Crimson,2002
867,Tyler,Dodimead,tdodimeado2@booking.com,Male,Health Coach III,Subaru,Impreza,Maroon,1996
868,Harlin,Cotillard,hcotillardo3@printfriendly.com,Male,Chemical Engineer,Saab,900,Pink,1985
869,Dell,Josskovitz,djosskovitzo4@soup.io,Female,Engineer II,Acura,RL,Crimson,1996
870,Cherlyn,Magarrell,cmagarrello5@europa.eu,Female,Chemical Engineer,Saturn,Ion,Violet,2004
871,Clemmie,Burgoyne,cburgoyneo6@google.com,Female,Geologist IV,Ford,Thunderbird,Orange,1965
872,Caroline,Duck,cducko7@indiegogo.com,Female,Electrical Engineer,Suzuki,Sidekick,Khaki,1996
873,Kirby,Lemonby,klemonbyo8@yandex.ru,Female,GIS Technical Architect,Mercury,Grand Marquis,Yellow,2001
874,Allister,Dalliston,adallistono9@skype.com,Male,VP Quality Control,Toyota,Land Cruiser,Indigo,2004
875,Clerc,Haughin,chaughinoa@gov.uk,Male,Health Coach III,Toyota,Highlander,Maroon,2009
876,Gratiana,Maldin,gmaldinob@twitter.com,Female,Product Engineer,Toyota,Highlander,Goldenrod,2009
877,Antonie,Zuanelli,azuanellioc@home.pl,Female,Senior Sales Associate,Chevrolet,2500,Teal,1994
878,Barron,Moubray,bmoubrayod@theguardian.com,Male,Web Developer I,Infiniti,G35,Fuscia,2003
879,Odella,Folbigg,ofolbiggoe@cyberchimps.com,Female,Director of Sales,Nissan,Xterra,Khaki,2011
880,Burgess,Ferrieri,bferrieriof@jigsy.com,Male,Paralegal,BMW,1 Series,Crimson,2009
881,Christina,Swalwel,cswalwelog@forbes.com,Female,Social Worker,Toyota,Corolla,Puce,2005
882,Brock,Faustin,bfaustinoh@exblog.jp,Male,Database Administrator I,Dodge,Caravan,Puce,1994
883,Raymund,Mundle,rmundleoi@hud.gov,Male,VP Marketing,Nissan,Quest,Orange,1995
884,Godart,Carless,gcarlessoj@nifty.com,Male,Business Systems Development Analyst,Chevrolet,Prizm,Khaki,2002
885,Wallis,Andrelli,wandrelliok@taobao.com,Male,Product Engineer,Pontiac,Firefly,Mauv,1985
886,Guillemette,Birkby,gbirkbyol@yolasite.com,Female,VP Sales,Mitsubishi,GTO,Purple,1994
887,Hebert,Snelgar,hsnelgarom@constantcontact.com,Male,Marketing Manager,Volkswagen,New Beetle,Goldenrod,1999
888,Izabel,Ivkovic,iivkovicon@foxnews.com,Female,Engineer III,Dodge,Durango,Yellow,2004
889,Isabel,Donnelly,idonnellyoo@nature.com,Female,Nurse,Volvo,C70,Purple,2008
890,Willetta,Cominetti,wcominettiop@dagondesign.com,Female,Analyst Programmer,Bentley,Continental GT,Yellow,2008
891,Orland,Malser,omalseroq@wikipedia.org,Male,Administrative Assistant III,Lotus,Elan,Red,1990
892,Dinnie,Hawick,dhawickor@cornell.edu,Female,Account Representative III,Land Rover,Range Rover,Orange,1995
893,Genni,Mullord,gmullordos@stanford.edu,Female,Financial Advisor,Infiniti,Q,Fuscia,2001
894,Cathyleen,Pease,cpeaseot@edublogs.org,Female,Senior Editor,Toyota,Avalon,Pink,2003
895,Flo,Stallen,fstallenou@sohu.com,Female,Project Manager,Honda,Civic,Puce,2002
896,Goldy,Glantz,gglantzov@cargocollective.com,Female,Engineer II,Ford,F350,Fuscia,2004
897,Viviyan,O'Carney,vocarneyow@uol.com.br,Female,Internal Auditor,Buick,LeSabre,Maroon,1992
898,Raquel,McBride,rmcbrideox@wired.com,Female,Research Associate,Saturn,Outlook,Yellow,2010
899,Lazaro,Feather,lfeatheroy@uol.com.br,Male,Environmental Specialist,Mazda,Mazda6,Crimson,2004
900,Osbourne,Boatswain,oboatswainoz@ow.ly,Male,Teacher,Mitsubishi,Pajero,Orange,2006
901,Minette,Missington,mmissingtonp0@bravesites.com,Female,General Manager,Infiniti,EX,Orange,2011
902,Lynett,Jeanneau,ljeanneaup1@weibo.com,Female,VP Marketing,Buick,Roadmaster,Fuscia,1995
903,Aila,Royse,aroysep2@cafepress.com,Female,Account Representative IV,Toyota,Corolla,Fuscia,2002
904,Lyn,Strapp,lstrappp3@unblog.fr,Female,Technical Writer,Ford,Taurus,Indigo,2007
905,Hank,Pellett,hpellettp4@trellian.com,Male,Professor,Ford,Expedition EL,Khaki,2008
906,Teriann,Gisby,tgisbyp5@sourceforge.net,Female,Graphic Designer,Suzuki,SJ,Goldenrod,1989
907,Sheree,Dible,sdiblep6@gravatar.com,Female,Senior Financial Analyst,Ford,Mustang,Fuscia,1965
908,Emlyn,Rhelton,erheltonp7@freewebs.com,Female,Automation Specialist III,BMW,6 Series,Turquoise,2005
909,Jarad,Rodger,jrodgerp8@patch.com,Male,Quality Engineer,Lexus,GS,Purple,1998
910,Mariya,Fitzmaurice,mfitzmauricep9@amazon.com,Female,Engineer III,Scion,xB,Red,2004
911,Antone,Splaven,asplavenpa@google.ru,Male,Librarian,Ford,Mustang,Indigo,1996
912,Moore,Michele,mmichelepb@sourceforge.net,Male,Web Developer IV,Lexus,LS,Khaki,2000
913,Dolley,Dabinett,ddabinettpc@chronoengine.com,Female,Structural Analysis Engineer,Lamborghini,Gallardo,Turquoise,2008
914,Hershel,Reinisch,hreinischpd@clickbank.net,Male,Occupational Therapist,Dodge,Intrepid,Goldenrod,2002
915,Missie,Chadburn,mchadburnpe@ucla.edu,Female,Desktop Support Technician,Toyota,Prius,Indigo,2002
916,Antoni,Skews,askewspf@businesswire.com,Male,Environmental Tech,Cadillac,DeVille,Blue,1992
917,Leanora,Dupoy,ldupoypg@baidu.com,Female,Office Assistant IV,Toyota,Echo,Red,2000
918,Carolina,Watling,cwatlingph@eventbrite.com,Female,Analyst Programmer,Cadillac,DeVille,Crimson,1992
919,Iago,Pinnigar,ipinnigarpi@mlb.com,Male,Recruiter,Mazda,RX-8,Goldenrod,2004
920,Delbert,Kinton,dkintonpj@livejournal.com,Male,Junior Executive,Pontiac,Sunbird,Indigo,1990
921,Ulric,MacGeaney,umacgeaneypk@facebook.com,Male,Clinical Specialist,Land Rover,Freelander,Blue,2010
922,Dayna,Bingley,dbingleypl@amazonaws.com,Female,Administrative Officer,Chrysler,LeBaron,Green,1992
923,Alfred,Densun,adensunpm@un.org,Male,Senior Quality Engineer,Toyota,Echo,Red,2000
924,Joycelin,Carbine,jcarbinepn@netvibes.com,Female,Professor,Chrysler,PT Cruiser,Yellow,2004
925,Carlin,Bough,cboughpo@techcrunch.com,Male,Professor,Lexus,LX,Blue,2013
926,Marji,Earpe,mearpepp@simplemachines.org,Female,Environmental Specialist,Ford,Econoline E350,Maroon,1993
927,Carmelina,Hanaford,chanafordpq@pagesperso-orange.fr,Female,Computer Systems Analyst III,Chevrolet,Lumina,Maroon,1999
928,Christie,Giorio,cgioriopr@techcrunch.com,Female,Software Engineer II,Mazda,Mazda6,Puce,2009
929,Melisenda,Fawdry,mfawdryps@sourceforge.net,Female,VP Sales,Acura,NSX,Green,1997
930,Walton,Heaslip,wheaslippt@cam.ac.uk,Male,Director of Sales,Kia,Rio,Yellow,2001
931,Georas,Stitfall,gstitfallpu@google.ru,Male,Budget/Accounting Analyst I,Mitsubishi,Eclipse,Green,2001
932,Garrek,Bygrave,gbygravepv@wikispaces.com,Male,Biostatistician III,BMW,550,Mauv,2006
933,Jerald,Stanlake,jstanlakepw@com.com,Male,Dental Hygienist,Dodge,Sprinter,Puce,2006
934,Carmita,Bearcock,cbearcockpx@github.com,Female,Structural Analysis Engineer,Mitsubishi,Galant,Maroon,1993
935,Ange,Grenfell,agrenfellpy@lulu.com,Female,Human Resources Assistant IV,Acura,RDX,Turquoise,2008
936,Tiffy,Hurton,thurtonpz@hc360.com,Female,Social Worker,Infiniti,G,Blue,2003
937,Daphene,Guiso,dguisoq0@pinterest.com,Female,Help Desk Operator,Toyota,T100 Xtra,Orange,1995
938,Tyrus,Coenraets,tcoenraetsq1@gravatar.com,Male,Human Resources Manager,Mercedes-Benz,M-Class,Fuscia,2009
939,Mahmud,MacNeely,mmacneelyq2@statcounter.com,Male,Paralegal,Ford,Thunderbird,Puce,1993
940,Kincaid,Winston,kwinstonq3@google.ca,Male,Nurse,Lexus,GX,Orange,2007
941,Marice,Loftus,mloftusq4@weibo.com,Female,Help Desk Operator,Land Rover,Range Rover,Goldenrod,2010
942,Oswell,Tuft,otuftq5@bloomberg.com,Male,Sales Representative,Subaru,XT,Purple,1987
943,Vanna,Trollope,vtrollopeq6@tuttocitta.it,Female,Community Outreach Specialist,Volkswagen,GTI,Violet,1985
944,Reid,Chappelle,rchappelleq7@imageshack.us,Male,Software Engineer II,Buick,Skylark,Red,1986
945,Orella,Beaument,obeaumentq8@wisc.edu,Female,Software Test Engineer II,Subaru,Impreza,Green,2004
946,Tabbatha,Spoerl,tspoerlq9@ucoz.com,Female,Payment Adjustment Coordinator,GMC,Yukon Denali,Pink,2000
947,Tawnya,Fermin,tferminqa@goo.ne.jp,Female,Human Resources Manager,GMC,Sierra 2500,Maroon,2001
948,Alvis,Wickliffe,awickliffeqb@oakley.com,Male,Junior Executive,Mazda,Tribute,Green,2009
949,Abe,Elms,aelmsqc@sitemeter.com,Male,Biostatistician III,Lincoln,MKX,Crimson,2011
950,Drona,Aubery,dauberyqd@apache.org,Female,Design Engineer,Toyota,Celica,Maroon,1997
951,Jacquie,Ferris,jferrisqe@usatoday.com,Female,Clinical Specialist,Saturn,VUE,Aquamarine,2004
952,Gussy,Kington,gkingtonqf@google.cn,Female,Financial Analyst,Cadillac,STS,Purple,2009
953,Erminia,Tumielli,etumielliqg@jalbum.net,Female,VP Sales,Volvo,S60,Blue,2005
954,Thorstein,Boykett,tboykettqh@oracle.com,Male,Assistant Manager,Nissan,Pathfinder,Goldenrod,2008
955,Ludovico,Carlill,lcarlillqi@nymag.com,Male,Software Test Engineer III,Mazda,B-Series,Goldenrod,2004
956,Bernelle,Pavinese,bpavineseqj@unesco.org,Female,Human Resources Manager,Maserati,Quattroporte,Indigo,2009
957,Elwin,Rozec,erozecqk@chicagotribune.com,Male,Research Assistant IV,Mercedes-Benz,SLR McLaren,Turquoise,2005
958,Megen,Link,mlinkql@creativecommons.org,Female,Biostatistician IV,Buick,Regal,Khaki,1988
959,Gardener,GiacobbiniJacob,ggiacobbinijacobqm@biblegateway.com,Male,Speech Pathologist,Porsche,Boxster,Fuscia,2000
960,William,Aimer,waimerqn@privacy.gov.au,Male,Environmental Tech,Volkswagen,Rabbit,Mauv,2009
961,Henry,McElvine,hmcelvineqo@ed.gov,Male,Office Assistant II,Mitsubishi,Challenger,Orange,2000
962,Raviv,Wike,rwikeqp@bloomberg.com,Male,Structural Engineer,BMW,Z3,Mauv,1998
963,Eyde,Atthow,eatthowqq@tamu.edu,Female,Senior Quality Engineer,Lexus,LX,Purple,2003
964,Ayn,Staning,astaningqr@dagondesign.com,Female,Compensation Analyst,Mitsubishi,Truck,Maroon,1992
965,Elysee,Bandy,ebandyqs@un.org,Female,VP Quality Control,Chevrolet,Camaro,Pink,1999
966,Vyky,Atkirk,vatkirkqt@ebay.co.uk,Female,Social Worker,Hyundai,Scoupe,Violet,1995
967,Brena,Penniall,bpenniallqu@alexa.com,Female,Accounting Assistant II,Chevrolet,Express 3500,Green,1998
968,Jock,Quoit,jquoitqv@amazon.co.uk,Male,Community Outreach Specialist,Ford,Explorer,Orange,2005
969,Jarrad,Goncalo,jgoncaloqw@cdbaby.com,Male,Project Manager,Honda,Civic,Turquoise,2011
970,Kliment,Canwell,kcanwellqx@howstuffworks.com,Male,Sales Associate,Mercedes-Benz,CL-Class,Pink,2005
971,Jobina,Digance,jdiganceqy@phoca.cz,Female,Software Test Engineer I,Chevrolet,Venture,Green,2001
972,Stirling,Ghost,sghostqz@ycombinator.com,Male,Nuclear Power Engineer,Dodge,Neon,Crimson,2005
973,Cathlene,Dyhouse,cdyhouser0@php.net,Female,Systems Administrator III,Ford,Thunderbird,Puce,1987
974,Valry,Hamblyn,vhamblynr1@themeforest.net,Female,Speech Pathologist,BMW,7 Series,Aquamarine,1995
975,Wilbur,Cobbin,wcobbinr2@t-online.de,Male,Registered Nurse,Oldsmobile,98,Maroon,1994
976,Egor,Gruby,egrubyr3@e-recht24.de,Male,Senior Editor,GMC,2500 Club Coupe,Teal,1995
977,Bartholemy,Dedden,bdeddenr4@stanford.edu,Male,Physical Therapy Assistant,Ford,Mustang,Pink,1985
978,Elsinore,Lynes,elynesr5@prnewswire.com,Female,Recruiter,Chevrolet,Express 1500,Indigo,2010
979,Mildrid,Arnoult,marnoultr6@pagesperso-orange.fr,Female,Budget/Accounting Analyst I,Jensen,Interceptor,Red,1967
980,Mildred,Cadagan,mcadaganr7@scribd.com,Female,Senior Developer,Nissan,Maxima,Goldenrod,1997
981,Emmanuel,Checketts,echeckettsr8@shop-pro.jp,Male,Marketing Assistant,Infiniti,M,Maroon,2010
982,Harv,Casol,hcasolr9@archive.org,Male,Analog Circuit Design manager,Toyota,Camry,Yellow,1995
983,Dehlia,Stanman,dstanmanra@moonfruit.com,Female,VP Quality Control,Kia,Optima,Goldenrod,2002
984,Avrom,McCullogh,amcculloghrb@webs.com,Male,Nurse,Plymouth,Grand Voyager,Blue,1997
985,Elia,Fann,efannrc@networkadvertising.org,Male,Programmer II,Mercedes-Benz,M-Class,Pink,2010
986,Rena,Covington,rcovingtonrd@miibeian.gov.cn,Female,Research Nurse,Rolls-Royce,Phantom,Pink,2005
987,Sibel,Alsop,salsopre@youtu.be,Female,Internal Auditor,Lexus,ES,Blue,2006
988,Dominique,Grayston,dgraystonrf@abc.net.au,Female,Pharmacist,GMC,Sonoma Club Coupe,Teal,1993
989,Chlo,Feares,cfearesrg@dailymail.co.uk,Female,Information Systems Manager,Mazda,MX-5,Crimson,2004
990,Vern,Rao,vraorh@reuters.com,Male,Account Executive,GMC,Yukon XL 1500,Blue,2012
991,Alysa,Swalwell,aswalwellri@admin.ch,Female,Professor,Ford,Galaxie,Green,1964
992,Heloise,Delgua,hdelguarj@php.net,Female,Structural Analysis Engineer,Mitsubishi,Outlander Sport,Pink,2011
993,Tamarah,Chalfain,tchalfainrk@sbwire.com,Female,Computer Systems Analyst I,Eagle,Talon,Turquoise,1993
994,Quinn,Barniss,qbarnissrl@squarespace.com,Female,Environmental Tech,Acura,RL,Purple,2006
995,Mohandas,Gatecliff,mgatecliffrm@tripod.com,Male,Occupational Therapist,Dodge,Ram Van 1500,Indigo,2001
996,Hogan,Coombs,hcoombsrn@miibeian.gov.cn,Male,Account Coordinator,Honda,FCX Clarity,Pink,2012
997,Kalle,Wallen,kwallenro@sun.com,Male,Research Associate,Chevrolet,Tracker,Goldenrod,2004
998,Rayner,Huntriss,rhuntrissrp@indiatimes.com,Male,Software Engineer IV,Pontiac,Firebird,Indigo,1990
999,Gaspar,Manach,gmanachrq@360.cn,Male,Account Executive,Tesla,Roadster,Fuscia,2010
1000,Wolfy,Hirche,whircherr@baidu.com,Male,Geologist II,Audi,S6,Purple,2008
